accession,study,object_status,bioproject_accession,biosample_accession,sample_name,library_ID,title,library_strategy,library_source,library_selection,library_layout,platform,instrument_model,design_description,filetype,filename,filename2,filename3,filename4,filename5,filename6,filename7,filename8,assembly,fasta_file
SRR32638445,SRP569403,new,PRJNA1234298,SAMN47294461,AB001,POW13003A1,Metagenomic analysis of termite mounds,WGS,METAGENOMIC,RANDOM,paired,ILLUMINA,Illumina NovaSeq X Plus,DNA was extracted from termite mound substrate using a Qiagen PowerSoil kit. Sequencing was performed at the Ramaciotti Centre for Genomics (UNSW) on four lanes of a NovaSeq X Plus 10B 2x150bp.,fastq,AB/AB001_POW13003A1_S1_L001_R1_001.fastq.gz,AB/AB001_POW13003A1_S1_L001_R2_001.fastq.gz,AB/AB001_POW13003A1_S1_L002_R1_001.fastq.gz,AB/AB001_POW13003A1_S1_L002_R2_001.fastq.gz,AB/AB001_POW13003A1_S1_L003_R1_001.fastq.gz,AB/AB001_POW13003A1_S1_L003_R2_001.fastq.gz,AB/AB001_POW13003A1_S1_L004_R1_001.fastq.gz,AB/AB001_POW13003A1_S1_L004_R2_001.fastq.gz,,
SRR32638444,SRP569403,new,PRJNA1234298,SAMN47294462,AB002,POW13003A2,Metagenomic analysis of termite mounds,WGS,METAGENOMIC,RANDOM,paired,ILLUMINA,Illumina NovaSeq X Plus,DNA was extracted from termite mound substrate using a Qiagen PowerSoil kit. Sequencing was performed at the Ramaciotti Centre for Genomics (UNSW) on four lanes of a NovaSeq X Plus 10B 2x150bp.,fastq,AB/AB002_POW13003A2_S117_L001_R1_001.fastq.gz,AB/AB002_POW13003A2_S117_L001_R2_001.fastq.gz,AB/AB002_POW13003A2_S117_L002_R1_001.fastq.gz,AB/AB002_POW13003A2_S117_L002_R2_001.fastq.gz,AB/AB002_POW13003A2_S117_L003_R1_001.fastq.gz,AB/AB002_POW13003A2_S117_L003_R2_001.fastq.gz,AB/AB002_POW13003A2_S117_L004_R1_001.fastq.gz,AB/AB002_POW13003A2_S117_L004_R2_001.fastq.gz,,
SRR32638386,SRP569403,new,PRJNA1234298,SAMN47294463,AB003,POW13003A3,Metagenomic analysis of termite mounds,WGS,METAGENOMIC,RANDOM,paired,ILLUMINA,Illumina NovaSeq X Plus,DNA was extracted from termite mound substrate using a Qiagen PowerSoil kit. Sequencing was performed at the Ramaciotti Centre for Genomics (UNSW) on four lanes of a NovaSeq X Plus 10B 2x150bp.,fastq,AB/AB003_POW13003A3_S14_L001_R1_001.fastq.gz,AB/AB003_POW13003A3_S14_L001_R2_001.fastq.gz,AB/AB003_POW13003A3_S14_L002_R1_001.fastq.gz,AB/AB003_POW13003A3_S14_L002_R2_001.fastq.gz,AB/AB003_POW13003A3_S14_L003_R1_001.fastq.gz,AB/AB003_POW13003A3_S14_L003_R2_001.fastq.gz,AB/AB003_POW13003A3_S14_L004_R1_001.fastq.gz,AB/AB003_POW13003A3_S14_L004_R2_001.fastq.gz,,
SRR32638359,SRP569403,new,PRJNA1234298,SAMN47294464,AB004,POW13003A4,Metagenomic analysis of termite mounds,WGS,METAGENOMIC,RANDOM,paired,ILLUMINA,Illumina NovaSeq X Plus,DNA was extracted from termite mound substrate using a Qiagen PowerSoil kit. Sequencing was performed at the Ramaciotti Centre for Genomics (UNSW) on four lanes of a NovaSeq X Plus 10B 2x150bp.,fastq,AB/AB004_POW13003A4_S57_L001_R1_001.fastq.gz,AB/AB004_POW13003A4_S57_L001_R2_001.fastq.gz,AB/AB004_POW13003A4_S57_L002_R1_001.fastq.gz,AB/AB004_POW13003A4_S57_L002_R2_001.fastq.gz,AB/AB004_POW13003A4_S57_L003_R1_001.fastq.gz,AB/AB004_POW13003A4_S57_L003_R2_001.fastq.gz,AB/AB004_POW13003A4_S57_L004_R1_001.fastq.gz,AB/AB004_POW13003A4_S57_L004_R2_001.fastq.gz,,
SRR32638428,SRP569403,new,PRJNA1234298,SAMN47294465,AB005,POW13003A5,Metagenomic analysis of termite mounds,WGS,METAGENOMIC,RANDOM,paired,ILLUMINA,Illumina NovaSeq X Plus,DNA was extracted from termite mound substrate using a Qiagen PowerSoil kit. Sequencing was performed at the Ramaciotti Centre for Genomics (UNSW) on four lanes of a NovaSeq X Plus 10B 2x150bp.,fastq,AB/AB005_POW13003A5_S80_L001_R1_001.fastq.gz,AB/AB005_POW13003A5_S80_L001_R2_001.fastq.gz,AB/AB005_POW13003A5_S80_L002_R1_001.fastq.gz,AB/AB005_POW13003A5_S80_L002_R2_001.fastq.gz,AB/AB005_POW13003A5_S80_L003_R1_001.fastq.gz,AB/AB005_POW13003A5_S80_L003_R2_001.fastq.gz,AB/AB005_POW13003A5_S80_L004_R1_001.fastq.gz,AB/AB005_POW13003A5_S80_L004_R2_001.fastq.gz,,
SRR32638417,SRP569403,new,PRJNA1234298,SAMN47294466,AB006,POW13003A6,Metagenomic analysis of termite mounds,WGS,METAGENOMIC,RANDOM,paired,ILLUMINA,Illumina NovaSeq X Plus,DNA was extracted from termite mound substrate using a Qiagen PowerSoil kit. Sequencing was performed at the Ramaciotti Centre for Genomics (UNSW) on four lanes of a NovaSeq X Plus 10B 2x150bp.,fastq,AB/AB006_POW13003A6_S162_L001_R1_001.fastq.gz,AB/AB006_POW13003A6_S162_L001_R2_001.fastq.gz,AB/AB006_POW13003A6_S162_L002_R1_001.fastq.gz,AB/AB006_POW13003A6_S162_L002_R2_001.fastq.gz,AB/AB006_POW13003A6_S162_L003_R1_001.fastq.gz,AB/AB006_POW13003A6_S162_L003_R2_001.fastq.gz,AB/AB006_POW13003A6_S162_L004_R1_001.fastq.gz,AB/AB006_POW13003A6_S162_L004_R2_001.fastq.gz,,
SRR32638374,SRP569403,new,PRJNA1234298,SAMN47294467,AB007,POW13003A7,Metagenomic analysis of termite mounds,WGS,METAGENOMIC,RANDOM,paired,ILLUMINA,Illumina NovaSeq X Plus,DNA was extracted from termite mound substrate using a Qiagen PowerSoil kit. Sequencing was performed at the Ramaciotti Centre for Genomics (UNSW) on four lanes of a NovaSeq X Plus 10B 2x150bp.,fastq,AB/AB007_POW13003A7_S110_L001_R1_001.fastq.gz,AB/AB007_POW13003A7_S110_L001_R2_001.fastq.gz,AB/AB007_POW13003A7_S110_L002_R1_001.fastq.gz,AB/AB007_POW13003A7_S110_L002_R2_001.fastq.gz,AB/AB007_POW13003A7_S110_L003_R1_001.fastq.gz,AB/AB007_POW13003A7_S110_L003_R2_001.fastq.gz,AB/AB007_POW13003A7_S110_L004_R1_001.fastq.gz,AB/AB007_POW13003A7_S110_L004_R2_001.fastq.gz,,
SRR32638347,SRP569403,new,PRJNA1234298,SAMN47294468,AB008,POW13003A8,Metagenomic analysis of termite mounds,WGS,METAGENOMIC,RANDOM,paired,ILLUMINA,Illumina NovaSeq X Plus,DNA was extracted from termite mound substrate using a Qiagen PowerSoil kit. Sequencing was performed at the Ramaciotti Centre for Genomics (UNSW) on four lanes of a NovaSeq X Plus 10B 2x150bp.,fastq,AB/AB008_POW13003A8_S101_L001_R1_001.fastq.gz,AB/AB008_POW13003A8_S101_L001_R2_001.fastq.gz,AB/AB008_POW13003A8_S101_L002_R1_001.fastq.gz,AB/AB008_POW13003A8_S101_L002_R2_001.fastq.gz,AB/AB008_POW13003A8_S101_L003_R1_001.fastq.gz,AB/AB008_POW13003A8_S101_L003_R2_001.fastq.gz,AB/AB008_POW13003A8_S101_L004_R1_001.fastq.gz,AB/AB008_POW13003A8_S101_L004_R2_001.fastq.gz,,
SRR32638336,SRP569403,new,PRJNA1234298,SAMN47294469,AB009,POW13003A9,Metagenomic analysis of termite mounds,WGS,METAGENOMIC,RANDOM,paired,ILLUMINA,Illumina NovaSeq X Plus,DNA was extracted from termite mound substrate using a Qiagen PowerSoil kit. Sequencing was performed at the Ramaciotti Centre for Genomics (UNSW) on four lanes of a NovaSeq X Plus 10B 2x150bp.,fastq,AB/AB009_POW13003A9_S132_L001_R1_001.fastq.gz,AB/AB009_POW13003A9_S132_L001_R2_001.fastq.gz,AB/AB009_POW13003A9_S132_L002_R1_001.fastq.gz,AB/AB009_POW13003A9_S132_L002_R2_001.fastq.gz,AB/AB009_POW13003A9_S132_L003_R1_001.fastq.gz,AB/AB009_POW13003A9_S132_L003_R2_001.fastq.gz,AB/AB009_POW13003A9_S132_L004_R1_001.fastq.gz,AB/AB009_POW13003A9_S132_L004_R2_001.fastq.gz,,
SRR32638405,SRP569403,new,PRJNA1234298,SAMN47294470,AB010,POW13003A10,Metagenomic analysis of termite mounds,WGS,METAGENOMIC,RANDOM,paired,ILLUMINA,Illumina NovaSeq X Plus,DNA was extracted from termite mound substrate using a Qiagen PowerSoil kit. Sequencing was performed at the Ramaciotti Centre for Genomics (UNSW) on four lanes of a NovaSeq X Plus 10B 2x150bp.,fastq,AB/AB010_POW13003A10_S142_L001_R1_001.fastq.gz,AB/AB010_POW13003A10_S142_L001_R2_001.fastq.gz,AB/AB010_POW13003A10_S142_L002_R1_001.fastq.gz,AB/AB010_POW13003A10_S142_L002_R2_001.fastq.gz,AB/AB010_POW13003A10_S142_L003_R1_001.fastq.gz,AB/AB010_POW13003A10_S142_L003_R2_001.fastq.gz,AB/AB010_POW13003A10_S142_L004_R1_001.fastq.gz,AB/AB010_POW13003A10_S142_L004_R2_001.fastq.gz,,
SRR32638443,SRP569403,new,PRJNA1234298,SAMN47294471,AB011,POW13003A11,Metagenomic analysis of termite mounds,WGS,METAGENOMIC,RANDOM,paired,ILLUMINA,Illumina NovaSeq X Plus,DNA was extracted from termite mound substrate using a Qiagen PowerSoil kit. Sequencing was performed at the Ramaciotti Centre for Genomics (UNSW) on four lanes of a NovaSeq X Plus 10B 2x150bp.,fastq,AB/AB011_POW13003A11_S112_L001_R1_001.fastq.gz,AB/AB011_POW13003A11_S112_L001_R2_001.fastq.gz,AB/AB011_POW13003A11_S112_L002_R1_001.fastq.gz,AB/AB011_POW13003A11_S112_L002_R2_001.fastq.gz,AB/AB011_POW13003A11_S112_L003_R1_001.fastq.gz,AB/AB011_POW13003A11_S112_L003_R2_001.fastq.gz,AB/AB011_POW13003A11_S112_L004_R1_001.fastq.gz,AB/AB011_POW13003A11_S112_L004_R2_001.fastq.gz,,
SRR32638432,SRP569403,new,PRJNA1234298,SAMN47294472,AB012,POW13003A12,Metagenomic analysis of termite mounds,WGS,METAGENOMIC,RANDOM,paired,ILLUMINA,Illumina NovaSeq X Plus,DNA was extracted from termite mound substrate using a Qiagen PowerSoil kit. Sequencing was performed at the Ramaciotti Centre for Genomics (UNSW) on four lanes of a NovaSeq X Plus 10B 2x150bp.,fastq,AB/AB012_POW13003A12_S72_L001_R1_001.fastq.gz,AB/AB012_POW13003A12_S72_L001_R2_001.fastq.gz,AB/AB012_POW13003A12_S72_L002_R1_001.fastq.gz,AB/AB012_POW13003A12_S72_L002_R2_001.fastq.gz,AB/AB012_POW13003A12_S72_L003_R1_001.fastq.gz,AB/AB012_POW13003A12_S72_L003_R2_001.fastq.gz,AB/AB012_POW13003A12_S72_L004_R1_001.fastq.gz,AB/AB012_POW13003A12_S72_L004_R2_001.fastq.gz,,
SRR32638394,SRP569403,new,PRJNA1234298,SAMN47294473,AB013,POW13003A13,Metagenomic analysis of termite mounds,WGS,METAGENOMIC,RANDOM,paired,ILLUMINA,Illumina NovaSeq X Plus,DNA was extracted from termite mound substrate using a Qiagen PowerSoil kit. Sequencing was performed at the Ramaciotti Centre for Genomics (UNSW) on four lanes of a NovaSeq X Plus 10B 2x150bp.,fastq,AB/AB013_POW13003A13_S165_L001_R1_001.fastq.gz,AB/AB013_POW13003A13_S165_L001_R2_001.fastq.gz,AB/AB013_POW13003A13_S165_L002_R1_001.fastq.gz,AB/AB013_POW13003A13_S165_L002_R2_001.fastq.gz,AB/AB013_POW13003A13_S165_L003_R1_001.fastq.gz,AB/AB013_POW13003A13_S165_L003_R2_001.fastq.gz,AB/AB013_POW13003A13_S165_L004_R1_001.fastq.gz,AB/AB013_POW13003A13_S165_L004_R2_001.fastq.gz,,
SRR32638393,SRP569403,new,PRJNA1234298,SAMN47294474,AB014,POW13003A14,Metagenomic analysis of termite mounds,WGS,METAGENOMIC,RANDOM,paired,ILLUMINA,Illumina NovaSeq X Plus,DNA was extracted from termite mound substrate using a Qiagen PowerSoil kit. Sequencing was performed at the Ramaciotti Centre for Genomics (UNSW) on four lanes of a NovaSeq X Plus 10B 2x150bp.,fastq,AB/AB014_POW13003A14_S103_L001_R1_001.fastq.gz,AB/AB014_POW13003A14_S103_L001_R2_001.fastq.gz,AB/AB014_POW13003A14_S103_L002_R1_001.fastq.gz,AB/AB014_POW13003A14_S103_L002_R2_001.fastq.gz,AB/AB014_POW13003A14_S103_L003_R1_001.fastq.gz,AB/AB014_POW13003A14_S103_L003_R2_001.fastq.gz,AB/AB014_POW13003A14_S103_L004_R1_001.fastq.gz,AB/AB014_POW13003A14_S103_L004_R2_001.fastq.gz,,
SRR32638392,SRP569403,new,PRJNA1234298,SAMN47294475,AB015,POW13003A15,Metagenomic analysis of termite mounds,WGS,METAGENOMIC,RANDOM,paired,ILLUMINA,Illumina NovaSeq X Plus,DNA was extracted from termite mound substrate using a Qiagen PowerSoil kit. Sequencing was performed at the Ramaciotti Centre for Genomics (UNSW) on four lanes of a NovaSeq X Plus 10B 2x150bp.,fastq,AB/AB015_POW13003A15_S175_L001_R1_001.fastq.gz,AB/AB015_POW13003A15_S175_L001_R2_001.fastq.gz,AB/AB015_POW13003A15_S175_L002_R1_001.fastq.gz,AB/AB015_POW13003A15_S175_L002_R2_001.fastq.gz,AB/AB015_POW13003A15_S175_L003_R1_001.fastq.gz,AB/AB015_POW13003A15_S175_L003_R2_001.fastq.gz,AB/AB015_POW13003A15_S175_L004_R1_001.fastq.gz,AB/AB015_POW13003A15_S175_L004_R2_001.fastq.gz,,
SRR32638391,SRP569403,new,PRJNA1234298,SAMN47294476,AB016,POW13003A16,Metagenomic analysis of termite mounds,WGS,METAGENOMIC,RANDOM,paired,ILLUMINA,Illumina NovaSeq X Plus,DNA was extracted from termite mound substrate using a Qiagen PowerSoil kit. Sequencing was performed at the Ramaciotti Centre for Genomics (UNSW) on four lanes of a NovaSeq X Plus 10B 2x150bp.,fastq,AB/AB016_POW13003A16_S145_L001_R1_001.fastq.gz,AB/AB016_POW13003A16_S145_L001_R2_001.fastq.gz,AB/AB016_POW13003A16_S145_L002_R1_001.fastq.gz,AB/AB016_POW13003A16_S145_L002_R2_001.fastq.gz,AB/AB016_POW13003A16_S145_L003_R1_001.fastq.gz,AB/AB016_POW13003A16_S145_L003_R2_001.fastq.gz,AB/AB016_POW13003A16_S145_L004_R1_001.fastq.gz,AB/AB016_POW13003A16_S145_L004_R2_001.fastq.gz,,
SRR32638390,SRP569403,new,PRJNA1234298,SAMN47294477,AB017,POW13003A17,Metagenomic analysis of termite mounds,WGS,METAGENOMIC,RANDOM,paired,ILLUMINA,Illumina NovaSeq X Plus,DNA was extracted from termite mound substrate using a Qiagen PowerSoil kit. Sequencing was performed at the Ramaciotti Centre for Genomics (UNSW) on four lanes of a NovaSeq X Plus 10B 2x150bp.,fastq,AB/AB017_POW13003A17_S43_L001_R1_001.fastq.gz,AB/AB017_POW13003A17_S43_L001_R2_001.fastq.gz,AB/AB017_POW13003A17_S43_L002_R1_001.fastq.gz,AB/AB017_POW13003A17_S43_L002_R2_001.fastq.gz,AB/AB017_POW13003A17_S43_L003_R1_001.fastq.gz,AB/AB017_POW13003A17_S43_L003_R2_001.fastq.gz,AB/AB017_POW13003A17_S43_L004_R1_001.fastq.gz,AB/AB017_POW13003A17_S43_L004_R2_001.fastq.gz,,
SRR32638389,SRP569403,new,PRJNA1234298,SAMN47294478,AB018,POW13003A18,Metagenomic analysis of termite mounds,WGS,METAGENOMIC,RANDOM,paired,ILLUMINA,Illumina NovaSeq X Plus,DNA was extracted from termite mound substrate using a Qiagen PowerSoil kit. Sequencing was performed at the Ramaciotti Centre for Genomics (UNSW) on four lanes of a NovaSeq X Plus 10B 2x150bp.,fastq,AB/AB018_POW13003A18_S11_L001_R1_001.fastq.gz,AB/AB018_POW13003A18_S11_L001_R2_001.fastq.gz,AB/AB018_POW13003A18_S11_L002_R1_001.fastq.gz,AB/AB018_POW13003A18_S11_L002_R2_001.fastq.gz,AB/AB018_POW13003A18_S11_L003_R1_001.fastq.gz,AB/AB018_POW13003A18_S11_L003_R2_001.fastq.gz,AB/AB018_POW13003A18_S11_L004_R1_001.fastq.gz,AB/AB018_POW13003A18_S11_L004_R2_001.fastq.gz,,
SRR32638388,SRP569403,new,PRJNA1234298,SAMN47294479,AB019,POW13003A19,Metagenomic analysis of termite mounds,WGS,METAGENOMIC,RANDOM,paired,ILLUMINA,Illumina NovaSeq X Plus,DNA was extracted from termite mound substrate using a Qiagen PowerSoil kit. Sequencing was performed at the Ramaciotti Centre for Genomics (UNSW) on four lanes of a NovaSeq X Plus 10B 2x150bp.,fastq,AB/AB019_POW13003A19_S5_L001_R1_001.fastq.gz,AB/AB019_POW13003A19_S5_L001_R2_001.fastq.gz,AB/AB019_POW13003A19_S5_L002_R1_001.fastq.gz,AB/AB019_POW13003A19_S5_L002_R2_001.fastq.gz,AB/AB019_POW13003A19_S5_L003_R1_001.fastq.gz,AB/AB019_POW13003A19_S5_L003_R2_001.fastq.gz,AB/AB019_POW13003A19_S5_L004_R1_001.fastq.gz,AB/AB019_POW13003A19_S5_L004_R2_001.fastq.gz,,
SRR32638387,SRP569403,new,PRJNA1234298,SAMN47294480,AB020,POW13003A20,Metagenomic analysis of termite mounds,WGS,METAGENOMIC,RANDOM,paired,ILLUMINA,Illumina NovaSeq X Plus,DNA was extracted from termite mound substrate using a Qiagen PowerSoil kit. Sequencing was performed at the Ramaciotti Centre for Genomics (UNSW) on four lanes of a NovaSeq X Plus 10B 2x150bp.,fastq,AB/AB020_POW13003A20_S41_L001_R1_001.fastq.gz,AB/AB020_POW13003A20_S41_L001_R2_001.fastq.gz,AB/AB020_POW13003A20_S41_L002_R1_001.fastq.gz,AB/AB020_POW13003A20_S41_L002_R2_001.fastq.gz,AB/AB020_POW13003A20_S41_L003_R1_001.fastq.gz,AB/AB020_POW13003A20_S41_L003_R2_001.fastq.gz,AB/AB020_POW13003A20_S41_L004_R1_001.fastq.gz,AB/AB020_POW13003A20_S41_L004_R2_001.fastq.gz,,
SRR32638385,SRP569403,new,PRJNA1234298,SAMN47294481,AB021,POW13003A21,Metagenomic analysis of termite mounds,WGS,METAGENOMIC,RANDOM,paired,ILLUMINA,Illumina NovaSeq X Plus,DNA was extracted from termite mound substrate using a Qiagen PowerSoil kit. Sequencing was performed at the Ramaciotti Centre for Genomics (UNSW) on four lanes of a NovaSeq X Plus 10B 2x150bp.,fastq,AB/AB021_POW13003A21_S185_L001_R1_001.fastq.gz,AB/AB021_POW13003A21_S185_L001_R2_001.fastq.gz,AB/AB021_POW13003A21_S185_L002_R1_001.fastq.gz,AB/AB021_POW13003A21_S185_L002_R2_001.fastq.gz,AB/AB021_POW13003A21_S185_L003_R1_001.fastq.gz,AB/AB021_POW13003A21_S185_L003_R2_001.fastq.gz,AB/AB021_POW13003A21_S185_L004_R1_001.fastq.gz,AB/AB021_POW13003A21_S185_L004_R2_001.fastq.gz,,
SRR32638384,SRP569403,new,PRJNA1234298,SAMN47294482,AB022,POW13003A22,Metagenomic analysis of termite mounds,WGS,METAGENOMIC,RANDOM,paired,ILLUMINA,Illumina NovaSeq X Plus,DNA was extracted from termite mound substrate using a Qiagen PowerSoil kit. Sequencing was performed at the Ramaciotti Centre for Genomics (UNSW) on four lanes of a NovaSeq X Plus 10B 2x150bp.,fastq,AB/AB022_POW13003A22_S105_L001_R1_001.fastq.gz,AB/AB022_POW13003A22_S105_L001_R2_001.fastq.gz,AB/AB022_POW13003A22_S105_L002_R1_001.fastq.gz,AB/AB022_POW13003A22_S105_L002_R2_001.fastq.gz,AB/AB022_POW13003A22_S105_L003_R1_001.fastq.gz,AB/AB022_POW13003A22_S105_L003_R2_001.fastq.gz,AB/AB022_POW13003A22_S105_L004_R1_001.fastq.gz,AB/AB022_POW13003A22_S105_L004_R2_001.fastq.gz,,
SRR32638383,SRP569403,new,PRJNA1234298,SAMN47294483,AB023,POW13003A23,Metagenomic analysis of termite mounds,WGS,METAGENOMIC,RANDOM,paired,ILLUMINA,Illumina NovaSeq X Plus,DNA was extracted from termite mound substrate using a Qiagen PowerSoil kit. Sequencing was performed at the Ramaciotti Centre for Genomics (UNSW) on four lanes of a NovaSeq X Plus 10B 2x150bp.,fastq,AB/AB023_POW13003A23_S127_L001_R1_001.fastq.gz,AB/AB023_POW13003A23_S127_L001_R2_001.fastq.gz,AB/AB023_POW13003A23_S127_L002_R1_001.fastq.gz,AB/AB023_POW13003A23_S127_L002_R2_001.fastq.gz,AB/AB023_POW13003A23_S127_L003_R1_001.fastq.gz,AB/AB023_POW13003A23_S127_L003_R2_001.fastq.gz,AB/AB023_POW13003A23_S127_L004_R1_001.fastq.gz,AB/AB023_POW13003A23_S127_L004_R2_001.fastq.gz,,
SRR32638382,SRP569403,new,PRJNA1234298,SAMN47294484,AB024,POW13003A24,Metagenomic analysis of termite mounds,WGS,METAGENOMIC,RANDOM,paired,ILLUMINA,Illumina NovaSeq X Plus,DNA was extracted from termite mound substrate using a Qiagen PowerSoil kit. Sequencing was performed at the Ramaciotti Centre for Genomics (UNSW) on four lanes of a NovaSeq X Plus 10B 2x150bp.,fastq,AB/AB024_POW13003A24_S88_L001_R1_001.fastq.gz,AB/AB024_POW13003A24_S88_L001_R2_001.fastq.gz,AB/AB024_POW13003A24_S88_L002_R1_001.fastq.gz,AB/AB024_POW13003A24_S88_L002_R2_001.fastq.gz,AB/AB024_POW13003A24_S88_L003_R1_001.fastq.gz,AB/AB024_POW13003A24_S88_L003_R2_001.fastq.gz,AB/AB024_POW13003A24_S88_L004_R1_001.fastq.gz,AB/AB024_POW13003A24_S88_L004_R2_001.fastq.gz,,
SRR32638365,SRP569403,new,PRJNA1234298,SAMN47294485,AB025,POW13003A25,Metagenomic analysis of termite mounds,WGS,METAGENOMIC,RANDOM,paired,ILLUMINA,Illumina NovaSeq X Plus,DNA was extracted from termite mound substrate using a Qiagen PowerSoil kit. Sequencing was performed at the Ramaciotti Centre for Genomics (UNSW) on four lanes of a NovaSeq X Plus 10B 2x150bp.,fastq,AB/AB025_POW13003A25_S20_L001_R1_001.fastq.gz,AB/AB025_POW13003A25_S20_L001_R2_001.fastq.gz,AB/AB025_POW13003A25_S20_L002_R1_001.fastq.gz,AB/AB025_POW13003A25_S20_L002_R2_001.fastq.gz,AB/AB025_POW13003A25_S20_L003_R1_001.fastq.gz,AB/AB025_POW13003A25_S20_L003_R2_001.fastq.gz,AB/AB025_POW13003A25_S20_L004_R1_001.fastq.gz,AB/AB025_POW13003A25_S20_L004_R2_001.fastq.gz,,
SRR32638364,SRP569403,new,PRJNA1234298,SAMN47294486,AB026,POW13003A26,Metagenomic analysis of termite mounds,WGS,METAGENOMIC,RANDOM,paired,ILLUMINA,Illumina NovaSeq X Plus,DNA was extracted from termite mound substrate using a Qiagen PowerSoil kit. Sequencing was performed at the Ramaciotti Centre for Genomics (UNSW) on four lanes of a NovaSeq X Plus 10B 2x150bp.,fastq,AB/AB026_POW13003A26_S60_L001_R1_001.fastq.gz,AB/AB026_POW13003A26_S60_L001_R2_001.fastq.gz,AB/AB026_POW13003A26_S60_L002_R1_001.fastq.gz,AB/AB026_POW13003A26_S60_L002_R2_001.fastq.gz,AB/AB026_POW13003A26_S60_L003_R1_001.fastq.gz,AB/AB026_POW13003A26_S60_L003_R2_001.fastq.gz,AB/AB026_POW13003A26_S60_L004_R1_001.fastq.gz,AB/AB026_POW13003A26_S60_L004_R2_001.fastq.gz,,
SRR32638363,SRP569403,new,PRJNA1234298,SAMN47294487,AB027,POW13003A27,Metagenomic analysis of termite mounds,WGS,METAGENOMIC,RANDOM,paired,ILLUMINA,Illumina NovaSeq X Plus,DNA was extracted from termite mound substrate using a Qiagen PowerSoil kit. Sequencing was performed at the Ramaciotti Centre for Genomics (UNSW) on four lanes of a NovaSeq X Plus 10B 2x150bp.,fastq,AB/AB027_POW13003A27_S111_L001_R1_001.fastq.gz,AB/AB027_POW13003A27_S111_L001_R2_001.fastq.gz,AB/AB027_POW13003A27_S111_L002_R1_001.fastq.gz,AB/AB027_POW13003A27_S111_L002_R2_001.fastq.gz,AB/AB027_POW13003A27_S111_L003_R1_001.fastq.gz,AB/AB027_POW13003A27_S111_L003_R2_001.fastq.gz,AB/AB027_POW13003A27_S111_L004_R1_001.fastq.gz,AB/AB027_POW13003A27_S111_L004_R2_001.fastq.gz,,
SRR32638362,SRP569403,new,PRJNA1234298,SAMN47294488,AB028,POW13003A28,Metagenomic analysis of termite mounds,WGS,METAGENOMIC,RANDOM,paired,ILLUMINA,Illumina NovaSeq X Plus,DNA was extracted from termite mound substrate using a Qiagen PowerSoil kit. Sequencing was performed at the Ramaciotti Centre for Genomics (UNSW) on four lanes of a NovaSeq X Plus 10B 2x150bp.,fastq,AB/AB028_POW13003A28_S150_L001_R1_001.fastq.gz,AB/AB028_POW13003A28_S150_L001_R2_001.fastq.gz,AB/AB028_POW13003A28_S150_L002_R1_001.fastq.gz,AB/AB028_POW13003A28_S150_L002_R2_001.fastq.gz,AB/AB028_POW13003A28_S150_L003_R1_001.fastq.gz,AB/AB028_POW13003A28_S150_L003_R2_001.fastq.gz,AB/AB028_POW13003A28_S150_L004_R1_001.fastq.gz,AB/AB028_POW13003A28_S150_L004_R2_001.fastq.gz,,
SRR32638361,SRP569403,new,PRJNA1234298,SAMN47294489,AB029,POW13003A29,Metagenomic analysis of termite mounds,WGS,METAGENOMIC,RANDOM,paired,ILLUMINA,Illumina NovaSeq X Plus,DNA was extracted from termite mound substrate using a Qiagen PowerSoil kit. Sequencing was performed at the Ramaciotti Centre for Genomics (UNSW) on four lanes of a NovaSeq X Plus 10B 2x150bp.,fastq,AB/AB029_POW13003A29_S98_L001_R1_001.fastq.gz,AB/AB029_POW13003A29_S98_L001_R2_001.fastq.gz,AB/AB029_POW13003A29_S98_L002_R1_001.fastq.gz,AB/AB029_POW13003A29_S98_L002_R2_001.fastq.gz,AB/AB029_POW13003A29_S98_L003_R1_001.fastq.gz,AB/AB029_POW13003A29_S98_L003_R2_001.fastq.gz,AB/AB029_POW13003A29_S98_L004_R1_001.fastq.gz,AB/AB029_POW13003A29_S98_L004_R2_001.fastq.gz,,
SRR32638360,SRP569403,new,PRJNA1234298,SAMN47294490,AB030,POW13003A30,Metagenomic analysis of termite mounds,WGS,METAGENOMIC,RANDOM,paired,ILLUMINA,Illumina NovaSeq X Plus,DNA was extracted from termite mound substrate using a Qiagen PowerSoil kit. Sequencing was performed at the Ramaciotti Centre for Genomics (UNSW) on four lanes of a NovaSeq X Plus 10B 2x150bp.,fastq,AB/AB030_POW13003A30_S50_L001_R1_001.fastq.gz,AB/AB030_POW13003A30_S50_L001_R2_001.fastq.gz,AB/AB030_POW13003A30_S50_L002_R1_001.fastq.gz,AB/AB030_POW13003A30_S50_L002_R2_001.fastq.gz,AB/AB030_POW13003A30_S50_L003_R1_001.fastq.gz,AB/AB030_POW13003A30_S50_L003_R2_001.fastq.gz,AB/AB030_POW13003A30_S50_L004_R1_001.fastq.gz,AB/AB030_POW13003A30_S50_L004_R2_001.fastq.gz,,
SRR32638358,SRP569403,new,PRJNA1234298,SAMN47294491,AB031,POW13003A31,Metagenomic analysis of termite mounds,WGS,METAGENOMIC,RANDOM,paired,ILLUMINA,Illumina NovaSeq X Plus,DNA was extracted from termite mound substrate using a Qiagen PowerSoil kit. Sequencing was performed at the Ramaciotti Centre for Genomics (UNSW) on four lanes of a NovaSeq X Plus 10B 2x150bp.,fastq,AB/AB031_POW13003A31_S159_L001_R1_001.fastq.gz,AB/AB031_POW13003A31_S159_L001_R2_001.fastq.gz,AB/AB031_POW13003A31_S159_L002_R1_001.fastq.gz,AB/AB031_POW13003A31_S159_L002_R2_001.fastq.gz,AB/AB031_POW13003A31_S159_L003_R1_001.fastq.gz,AB/AB031_POW13003A31_S159_L003_R2_001.fastq.gz,AB/AB031_POW13003A31_S159_L004_R1_001.fastq.gz,AB/AB031_POW13003A31_S159_L004_R2_001.fastq.gz,,
SRR32638357,SRP569403,new,PRJNA1234298,SAMN47294492,AB032,POW13003A32,Metagenomic analysis of termite mounds,WGS,METAGENOMIC,RANDOM,paired,ILLUMINA,Illumina NovaSeq X Plus,DNA was extracted from termite mound substrate using a Qiagen PowerSoil kit. Sequencing was performed at the Ramaciotti Centre for Genomics (UNSW) on four lanes of a NovaSeq X Plus 10B 2x150bp.,fastq,AB/AB032_POW13003A32_S177_L001_R1_001.fastq.gz,AB/AB032_POW13003A32_S177_L001_R2_001.fastq.gz,AB/AB032_POW13003A32_S177_L002_R1_001.fastq.gz,AB/AB032_POW13003A32_S177_L002_R2_001.fastq.gz,AB/AB032_POW13003A32_S177_L003_R1_001.fastq.gz,AB/AB032_POW13003A32_S177_L003_R2_001.fastq.gz,AB/AB032_POW13003A32_S177_L004_R1_001.fastq.gz,AB/AB032_POW13003A32_S177_L004_R2_001.fastq.gz,,
SRR32638356,SRP569403,new,PRJNA1234298,SAMN47294493,AB033,POW13003A33,Metagenomic analysis of termite mounds,WGS,METAGENOMIC,RANDOM,paired,ILLUMINA,Illumina NovaSeq X Plus,DNA was extracted from termite mound substrate using a Qiagen PowerSoil kit. Sequencing was performed at the Ramaciotti Centre for Genomics (UNSW) on four lanes of a NovaSeq X Plus 10B 2x150bp.,fastq,AB/AB033_POW13003A33_S153_L001_R1_001.fastq.gz,AB/AB033_POW13003A33_S153_L001_R2_001.fastq.gz,AB/AB033_POW13003A33_S153_L002_R1_001.fastq.gz,AB/AB033_POW13003A33_S153_L002_R2_001.fastq.gz,AB/AB033_POW13003A33_S153_L003_R1_001.fastq.gz,AB/AB033_POW13003A33_S153_L003_R2_001.fastq.gz,AB/AB033_POW13003A33_S153_L004_R1_001.fastq.gz,AB/AB033_POW13003A33_S153_L004_R2_001.fastq.gz,,
SRR32638355,SRP569403,new,PRJNA1234298,SAMN47294494,AB034,POW13003A34,Metagenomic analysis of termite mounds,WGS,METAGENOMIC,RANDOM,paired,ILLUMINA,Illumina NovaSeq X Plus,DNA was extracted from termite mound substrate using a Qiagen PowerSoil kit. Sequencing was performed at the Ramaciotti Centre for Genomics (UNSW) on four lanes of a NovaSeq X Plus 10B 2x150bp.,fastq,AB/AB034_POW13003A34_S18_L001_R1_001.fastq.gz,AB/AB034_POW13003A34_S18_L001_R2_001.fastq.gz,AB/AB034_POW13003A34_S18_L002_R1_001.fastq.gz,AB/AB034_POW13003A34_S18_L002_R2_001.fastq.gz,AB/AB034_POW13003A34_S18_L003_R1_001.fastq.gz,AB/AB034_POW13003A34_S18_L003_R2_001.fastq.gz,AB/AB034_POW13003A34_S18_L004_R1_001.fastq.gz,AB/AB034_POW13003A34_S18_L004_R2_001.fastq.gz,,
SRR32638354,SRP569403,new,PRJNA1234298,SAMN47294495,AB035,POW13003A35,Metagenomic analysis of termite mounds,WGS,METAGENOMIC,RANDOM,paired,ILLUMINA,Illumina NovaSeq X Plus,DNA was extracted from termite mound substrate using a Qiagen PowerSoil kit. Sequencing was performed at the Ramaciotti Centre for Genomics (UNSW) on four lanes of a NovaSeq X Plus 10B 2x150bp.,fastq,AB/AB035_POW13003A35_S59_L001_R1_001.fastq.gz,AB/AB035_POW13003A35_S59_L001_R2_001.fastq.gz,AB/AB035_POW13003A35_S59_L002_R1_001.fastq.gz,AB/AB035_POW13003A35_S59_L002_R2_001.fastq.gz,AB/AB035_POW13003A35_S59_L003_R1_001.fastq.gz,AB/AB035_POW13003A35_S59_L003_R2_001.fastq.gz,AB/AB035_POW13003A35_S59_L004_R1_001.fastq.gz,AB/AB035_POW13003A35_S59_L004_R2_001.fastq.gz,,
SRR32638353,SRP569403,new,PRJNA1234298,SAMN47294496,AB036,POW13003A36,Metagenomic analysis of termite mounds,WGS,METAGENOMIC,RANDOM,paired,ILLUMINA,Illumina NovaSeq X Plus,DNA was extracted from termite mound substrate using a Qiagen PowerSoil kit. Sequencing was performed at the Ramaciotti Centre for Genomics (UNSW) on four lanes of a NovaSeq X Plus 10B 2x150bp.,fastq,AB/AB036_POW13003A36_S55_L001_R1_001.fastq.gz,AB/AB036_POW13003A36_S55_L001_R2_001.fastq.gz,AB/AB036_POW13003A36_S55_L002_R1_001.fastq.gz,AB/AB036_POW13003A36_S55_L002_R2_001.fastq.gz,AB/AB036_POW13003A36_S55_L003_R1_001.fastq.gz,AB/AB036_POW13003A36_S55_L003_R2_001.fastq.gz,AB/AB036_POW13003A36_S55_L004_R1_001.fastq.gz,AB/AB036_POW13003A36_S55_L004_R2_001.fastq.gz,,
SRR32638352,SRP569403,new,PRJNA1234298,SAMN47294497,AB037,POW13003A37,Metagenomic analysis of termite mounds,WGS,METAGENOMIC,RANDOM,paired,ILLUMINA,Illumina NovaSeq X Plus,DNA was extracted from termite mound substrate using a Qiagen PowerSoil kit. Sequencing was performed at the Ramaciotti Centre for Genomics (UNSW) on four lanes of a NovaSeq X Plus 10B 2x150bp.,fastq,AB/AB037_POW13003A37_S167_L001_R1_001.fastq.gz,AB/AB037_POW13003A37_S167_L001_R2_001.fastq.gz,AB/AB037_POW13003A37_S167_L002_R1_001.fastq.gz,AB/AB037_POW13003A37_S167_L002_R2_001.fastq.gz,AB/AB037_POW13003A37_S167_L003_R1_001.fastq.gz,AB/AB037_POW13003A37_S167_L003_R2_001.fastq.gz,AB/AB037_POW13003A37_S167_L004_R1_001.fastq.gz,AB/AB037_POW13003A37_S167_L004_R2_001.fastq.gz,,
SRR32638351,SRP569403,new,PRJNA1234298,SAMN47294498,AB038,POW13003A38,Metagenomic analysis of termite mounds,WGS,METAGENOMIC,RANDOM,paired,ILLUMINA,Illumina NovaSeq X Plus,DNA was extracted from termite mound substrate using a Qiagen PowerSoil kit. Sequencing was performed at the Ramaciotti Centre for Genomics (UNSW) on four lanes of a NovaSeq X Plus 10B 2x150bp.,fastq,AB/AB038_POW13003A38_S33_L001_R1_001.fastq.gz,AB/AB038_POW13003A38_S33_L001_R2_001.fastq.gz,AB/AB038_POW13003A38_S33_L002_R1_001.fastq.gz,AB/AB038_POW13003A38_S33_L002_R2_001.fastq.gz,AB/AB038_POW13003A38_S33_L003_R1_001.fastq.gz,AB/AB038_POW13003A38_S33_L003_R2_001.fastq.gz,AB/AB038_POW13003A38_S33_L004_R1_001.fastq.gz,AB/AB038_POW13003A38_S33_L004_R2_001.fastq.gz,,
SRR32638350,SRP569403,new,PRJNA1234298,SAMN47294499,AB039,POW13003A39,Metagenomic analysis of termite mounds,WGS,METAGENOMIC,RANDOM,paired,ILLUMINA,Illumina NovaSeq X Plus,DNA was extracted from termite mound substrate using a Qiagen PowerSoil kit. Sequencing was performed at the Ramaciotti Centre for Genomics (UNSW) on four lanes of a NovaSeq X Plus 10B 2x150bp.,fastq,AB/AB039_POW13003A39_S180_L001_R1_001.fastq.gz,AB/AB039_POW13003A39_S180_L001_R2_001.fastq.gz,AB/AB039_POW13003A39_S180_L002_R1_001.fastq.gz,AB/AB039_POW13003A39_S180_L002_R2_001.fastq.gz,AB/AB039_POW13003A39_S180_L003_R1_001.fastq.gz,AB/AB039_POW13003A39_S180_L003_R2_001.fastq.gz,AB/AB039_POW13003A39_S180_L004_R1_001.fastq.gz,AB/AB039_POW13003A39_S180_L004_R2_001.fastq.gz,,
SRR32638429,SRP569403,new,PRJNA1234298,SAMN47294500,AB040,POW13003A40,Metagenomic analysis of termite mounds,WGS,METAGENOMIC,RANDOM,paired,ILLUMINA,Illumina NovaSeq X Plus,DNA was extracted from termite mound substrate using a Qiagen PowerSoil kit. Sequencing was performed at the Ramaciotti Centre for Genomics (UNSW) on four lanes of a NovaSeq X Plus 10B 2x150bp.,fastq,AB/AB040_POW13003A40_S106_L001_R1_001.fastq.gz,AB/AB040_POW13003A40_S106_L001_R2_001.fastq.gz,AB/AB040_POW13003A40_S106_L002_R1_001.fastq.gz,AB/AB040_POW13003A40_S106_L002_R2_001.fastq.gz,AB/AB040_POW13003A40_S106_L003_R1_001.fastq.gz,AB/AB040_POW13003A40_S106_L003_R2_001.fastq.gz,AB/AB040_POW13003A40_S106_L004_R1_001.fastq.gz,AB/AB040_POW13003A40_S106_L004_R2_001.fastq.gz,,
SRR32638427,SRP569403,new,PRJNA1234298,SAMN47294501,AB041,POW13003A41,Metagenomic analysis of termite mounds,WGS,METAGENOMIC,RANDOM,paired,ILLUMINA,Illumina NovaSeq X Plus,DNA was extracted from termite mound substrate using a Qiagen PowerSoil kit. Sequencing was performed at the Ramaciotti Centre for Genomics (UNSW) on four lanes of a NovaSeq X Plus 10B 2x150bp.,fastq,AB/AB041_POW13003A41_S113_L001_R1_001.fastq.gz,AB/AB041_POW13003A41_S113_L001_R2_001.fastq.gz,AB/AB041_POW13003A41_S113_L002_R1_001.fastq.gz,AB/AB041_POW13003A41_S113_L002_R2_001.fastq.gz,AB/AB041_POW13003A41_S113_L003_R1_001.fastq.gz,AB/AB041_POW13003A41_S113_L003_R2_001.fastq.gz,AB/AB041_POW13003A41_S113_L004_R1_001.fastq.gz,AB/AB041_POW13003A41_S113_L004_R2_001.fastq.gz,,
SRR32638426,SRP569403,new,PRJNA1234298,SAMN47294502,AB042,POW13003A42,Metagenomic analysis of termite mounds,WGS,METAGENOMIC,RANDOM,paired,ILLUMINA,Illumina NovaSeq X Plus,DNA was extracted from termite mound substrate using a Qiagen PowerSoil kit. Sequencing was performed at the Ramaciotti Centre for Genomics (UNSW) on four lanes of a NovaSeq X Plus 10B 2x150bp.,fastq,AB/AB042_POW13003A42_S74_L001_R1_001.fastq.gz,AB/AB042_POW13003A42_S74_L001_R2_001.fastq.gz,AB/AB042_POW13003A42_S74_L002_R1_001.fastq.gz,AB/AB042_POW13003A42_S74_L002_R2_001.fastq.gz,AB/AB042_POW13003A42_S74_L003_R1_001.fastq.gz,AB/AB042_POW13003A42_S74_L003_R2_001.fastq.gz,AB/AB042_POW13003A42_S74_L004_R1_001.fastq.gz,AB/AB042_POW13003A42_S74_L004_R2_001.fastq.gz,,
SRR32638425,SRP569403,new,PRJNA1234298,SAMN47294503,AB043,POW13003A43,Metagenomic analysis of termite mounds,WGS,METAGENOMIC,RANDOM,paired,ILLUMINA,Illumina NovaSeq X Plus,DNA was extracted from termite mound substrate using a Qiagen PowerSoil kit. Sequencing was performed at the Ramaciotti Centre for Genomics (UNSW) on four lanes of a NovaSeq X Plus 10B 2x150bp.,fastq,AB/AB043_POW13003A43_S187_L001_R1_001.fastq.gz,AB/AB043_POW13003A43_S187_L001_R2_001.fastq.gz,AB/AB043_POW13003A43_S187_L002_R1_001.fastq.gz,AB/AB043_POW13003A43_S187_L002_R2_001.fastq.gz,AB/AB043_POW13003A43_S187_L003_R1_001.fastq.gz,AB/AB043_POW13003A43_S187_L003_R2_001.fastq.gz,AB/AB043_POW13003A43_S187_L004_R1_001.fastq.gz,AB/AB043_POW13003A43_S187_L004_R2_001.fastq.gz,,
SRR32638424,SRP569403,new,PRJNA1234298,SAMN47294504,AB044,POW13003A44,Metagenomic analysis of termite mounds,WGS,METAGENOMIC,RANDOM,paired,ILLUMINA,Illumina NovaSeq X Plus,DNA was extracted from termite mound substrate using a Qiagen PowerSoil kit. Sequencing was performed at the Ramaciotti Centre for Genomics (UNSW) on four lanes of a NovaSeq X Plus 10B 2x150bp.,fastq,AB/AB044_POW13003A44_S27_L001_R1_001.fastq.gz,AB/AB044_POW13003A44_S27_L001_R2_001.fastq.gz,AB/AB044_POW13003A44_S27_L002_R1_001.fastq.gz,AB/AB044_POW13003A44_S27_L002_R2_001.fastq.gz,AB/AB044_POW13003A44_S27_L003_R1_001.fastq.gz,AB/AB044_POW13003A44_S27_L003_R2_001.fastq.gz,AB/AB044_POW13003A44_S27_L004_R1_001.fastq.gz,AB/AB044_POW13003A44_S27_L004_R2_001.fastq.gz,,
SRR32638423,SRP569403,new,PRJNA1234298,SAMN47294505,AB045,POW13003A45,Metagenomic analysis of termite mounds,WGS,METAGENOMIC,RANDOM,paired,ILLUMINA,Illumina NovaSeq X Plus,DNA was extracted from termite mound substrate using a Qiagen PowerSoil kit. Sequencing was performed at the Ramaciotti Centre for Genomics (UNSW) on four lanes of a NovaSeq X Plus 10B 2x150bp.,fastq,AB/AB045_POW13003A45_S189_L001_R1_001.fastq.gz,AB/AB045_POW13003A45_S189_L001_R2_001.fastq.gz,AB/AB045_POW13003A45_S189_L002_R1_001.fastq.gz,AB/AB045_POW13003A45_S189_L002_R2_001.fastq.gz,AB/AB045_POW13003A45_S189_L003_R1_001.fastq.gz,AB/AB045_POW13003A45_S189_L003_R2_001.fastq.gz,AB/AB045_POW13003A45_S189_L004_R1_001.fastq.gz,AB/AB045_POW13003A45_S189_L004_R2_001.fastq.gz,,
SRR32638422,SRP569403,new,PRJNA1234298,SAMN47294506,AB046,POW13003A46,Metagenomic analysis of termite mounds,WGS,METAGENOMIC,RANDOM,paired,ILLUMINA,Illumina NovaSeq X Plus,DNA was extracted from termite mound substrate using a Qiagen PowerSoil kit. Sequencing was performed at the Ramaciotti Centre for Genomics (UNSW) on four lanes of a NovaSeq X Plus 10B 2x150bp.,fastq,AB/AB046_POW13003A46_S9_L001_R1_001.fastq.gz,AB/AB046_POW13003A46_S9_L001_R2_001.fastq.gz,AB/AB046_POW13003A46_S9_L002_R1_001.fastq.gz,AB/AB046_POW13003A46_S9_L002_R2_001.fastq.gz,AB/AB046_POW13003A46_S9_L003_R1_001.fastq.gz,AB/AB046_POW13003A46_S9_L003_R2_001.fastq.gz,AB/AB046_POW13003A46_S9_L004_R1_001.fastq.gz,AB/AB046_POW13003A46_S9_L004_R2_001.fastq.gz,,
SRR32638421,SRP569403,new,PRJNA1234298,SAMN47294507,AB047,POW13003A47,Metagenomic analysis of termite mounds,WGS,METAGENOMIC,RANDOM,paired,ILLUMINA,Illumina NovaSeq X Plus,DNA was extracted from termite mound substrate using a Qiagen PowerSoil kit. Sequencing was performed at the Ramaciotti Centre for Genomics (UNSW) on four lanes of a NovaSeq X Plus 10B 2x150bp.,fastq,AB/AB047_POW13003A47_S47_L001_R1_001.fastq.gz,AB/AB047_POW13003A47_S47_L001_R2_001.fastq.gz,AB/AB047_POW13003A47_S47_L002_R1_001.fastq.gz,AB/AB047_POW13003A47_S47_L002_R2_001.fastq.gz,AB/AB047_POW13003A47_S47_L003_R1_001.fastq.gz,AB/AB047_POW13003A47_S47_L003_R2_001.fastq.gz,AB/AB047_POW13003A47_S47_L004_R1_001.fastq.gz,AB/AB047_POW13003A47_S47_L004_R2_001.fastq.gz,,
SRR32638420,SRP569403,new,PRJNA1234298,SAMN47294508,AB048,POW13003A48,Metagenomic analysis of termite mounds,WGS,METAGENOMIC,RANDOM,paired,ILLUMINA,Illumina NovaSeq X Plus,DNA was extracted from termite mound substrate using a Qiagen PowerSoil kit. Sequencing was performed at the Ramaciotti Centre for Genomics (UNSW) on four lanes of a NovaSeq X Plus 10B 2x150bp.,fastq,AB/AB048_POW13003A48_S123_L001_R1_001.fastq.gz,AB/AB048_POW13003A48_S123_L001_R2_001.fastq.gz,AB/AB048_POW13003A48_S123_L002_R1_001.fastq.gz,AB/AB048_POW13003A48_S123_L002_R2_001.fastq.gz,AB/AB048_POW13003A48_S123_L003_R1_001.fastq.gz,AB/AB048_POW13003A48_S123_L003_R2_001.fastq.gz,AB/AB048_POW13003A48_S123_L004_R1_001.fastq.gz,AB/AB048_POW13003A48_S123_L004_R2_001.fastq.gz,,
SRR32638419,SRP569403,new,PRJNA1234298,SAMN47294509,AB049,POW13003A49,Metagenomic analysis of termite mounds,WGS,METAGENOMIC,RANDOM,paired,ILLUMINA,Illumina NovaSeq X Plus,DNA was extracted from termite mound substrate using a Qiagen PowerSoil kit. Sequencing was performed at the Ramaciotti Centre for Genomics (UNSW) on four lanes of a NovaSeq X Plus 10B 2x150bp.,fastq,AB/AB049_POW13003A49_S118_L001_R1_001.fastq.gz,AB/AB049_POW13003A49_S118_L001_R2_001.fastq.gz,AB/AB049_POW13003A49_S118_L002_R1_001.fastq.gz,AB/AB049_POW13003A49_S118_L002_R2_001.fastq.gz,AB/AB049_POW13003A49_S118_L003_R1_001.fastq.gz,AB/AB049_POW13003A49_S118_L003_R2_001.fastq.gz,AB/AB049_POW13003A49_S118_L004_R1_001.fastq.gz,AB/AB049_POW13003A49_S118_L004_R2_001.fastq.gz,,
SRR32638418,SRP569403,new,PRJNA1234298,SAMN47294510,AB050,POW13003A50,Metagenomic analysis of termite mounds,WGS,METAGENOMIC,RANDOM,paired,ILLUMINA,Illumina NovaSeq X Plus,DNA was extracted from termite mound substrate using a Qiagen PowerSoil kit. Sequencing was performed at the Ramaciotti Centre for Genomics (UNSW) on four lanes of a NovaSeq X Plus 10B 2x150bp.,fastq,AB/AB050_POW13003A50_S30_L001_R1_001.fastq.gz,AB/AB050_POW13003A50_S30_L001_R2_001.fastq.gz,AB/AB050_POW13003A50_S30_L002_R1_001.fastq.gz,AB/AB050_POW13003A50_S30_L002_R2_001.fastq.gz,AB/AB050_POW13003A50_S30_L003_R1_001.fastq.gz,AB/AB050_POW13003A50_S30_L003_R2_001.fastq.gz,AB/AB050_POW13003A50_S30_L004_R1_001.fastq.gz,AB/AB050_POW13003A50_S30_L004_R2_001.fastq.gz,,
SRR32638416,SRP569403,new,PRJNA1234298,SAMN47294511,AB051,POW13003A51,Metagenomic analysis of termite mounds,WGS,METAGENOMIC,RANDOM,paired,ILLUMINA,Illumina NovaSeq X Plus,DNA was extracted from termite mound substrate using a Qiagen PowerSoil kit. Sequencing was performed at the Ramaciotti Centre for Genomics (UNSW) on four lanes of a NovaSeq X Plus 10B 2x150bp.,fastq,AB/AB051_POW13003A51_S163_L001_R1_001.fastq.gz,AB/AB051_POW13003A51_S163_L001_R2_001.fastq.gz,AB/AB051_POW13003A51_S163_L002_R1_001.fastq.gz,AB/AB051_POW13003A51_S163_L002_R2_001.fastq.gz,AB/AB051_POW13003A51_S163_L003_R1_001.fastq.gz,AB/AB051_POW13003A51_S163_L003_R2_001.fastq.gz,AB/AB051_POW13003A51_S163_L004_R1_001.fastq.gz,AB/AB051_POW13003A51_S163_L004_R2_001.fastq.gz,,
SRR32638415,SRP569403,new,PRJNA1234298,SAMN47294512,AB052,POW13003A52,Metagenomic analysis of termite mounds,WGS,METAGENOMIC,RANDOM,paired,ILLUMINA,Illumina NovaSeq X Plus,DNA was extracted from termite mound substrate using a Qiagen PowerSoil kit. Sequencing was performed at the Ramaciotti Centre for Genomics (UNSW) on four lanes of a NovaSeq X Plus 10B 2x150bp.,fastq,AB/AB052_POW13003A52_S114_L001_R1_001.fastq.gz,AB/AB052_POW13003A52_S114_L001_R2_001.fastq.gz,AB/AB052_POW13003A52_S114_L002_R1_001.fastq.gz,AB/AB052_POW13003A52_S114_L002_R2_001.fastq.gz,AB/AB052_POW13003A52_S114_L003_R1_001.fastq.gz,AB/AB052_POW13003A52_S114_L003_R2_001.fastq.gz,AB/AB052_POW13003A52_S114_L004_R1_001.fastq.gz,AB/AB052_POW13003A52_S114_L004_R2_001.fastq.gz,,
SRR32638414,SRP569403,new,PRJNA1234298,SAMN47294513,AB053,POW13003A53,Metagenomic analysis of termite mounds,WGS,METAGENOMIC,RANDOM,paired,ILLUMINA,Illumina NovaSeq X Plus,DNA was extracted from termite mound substrate using a Qiagen PowerSoil kit. Sequencing was performed at the Ramaciotti Centre for Genomics (UNSW) on four lanes of a NovaSeq X Plus 10B 2x150bp.,fastq,AB/AB053_POW13003A53_S95_L001_R1_001.fastq.gz,AB/AB053_POW13003A53_S95_L001_R2_001.fastq.gz,AB/AB053_POW13003A53_S95_L002_R1_001.fastq.gz,AB/AB053_POW13003A53_S95_L002_R2_001.fastq.gz,AB/AB053_POW13003A53_S95_L003_R1_001.fastq.gz,AB/AB053_POW13003A53_S95_L003_R2_001.fastq.gz,AB/AB053_POW13003A53_S95_L004_R1_001.fastq.gz,AB/AB053_POW13003A53_S95_L004_R2_001.fastq.gz,,
SRR32638381,SRP569403,new,PRJNA1234298,SAMN47294514,AB054,POW13003A54,Metagenomic analysis of termite mounds,WGS,METAGENOMIC,RANDOM,paired,ILLUMINA,Illumina NovaSeq X Plus,DNA was extracted from termite mound substrate using a Qiagen PowerSoil kit. Sequencing was performed at the Ramaciotti Centre for Genomics (UNSW) on four lanes of a NovaSeq X Plus 10B 2x150bp.,fastq,AB/AB054_POW13003A54_S6_L001_R1_001.fastq.gz,AB/AB054_POW13003A54_S6_L001_R2_001.fastq.gz,AB/AB054_POW13003A54_S6_L002_R1_001.fastq.gz,AB/AB054_POW13003A54_S6_L002_R2_001.fastq.gz,AB/AB054_POW13003A54_S6_L003_R1_001.fastq.gz,AB/AB054_POW13003A54_S6_L003_R2_001.fastq.gz,AB/AB054_POW13003A54_S6_L004_R1_001.fastq.gz,AB/AB054_POW13003A54_S6_L004_R2_001.fastq.gz,,
SRR32638380,SRP569403,new,PRJNA1234298,SAMN47294515,AB055,POW13003A55,Metagenomic analysis of termite mounds,WGS,METAGENOMIC,RANDOM,paired,ILLUMINA,Illumina NovaSeq X Plus,DNA was extracted from termite mound substrate using a Qiagen PowerSoil kit. Sequencing was performed at the Ramaciotti Centre for Genomics (UNSW) on four lanes of a NovaSeq X Plus 10B 2x150bp.,fastq,AB/AB055_POW13003A55_S90_L001_R1_001.fastq.gz,AB/AB055_POW13003A55_S90_L001_R2_001.fastq.gz,AB/AB055_POW13003A55_S90_L002_R1_001.fastq.gz,AB/AB055_POW13003A55_S90_L002_R2_001.fastq.gz,AB/AB055_POW13003A55_S90_L003_R1_001.fastq.gz,AB/AB055_POW13003A55_S90_L003_R2_001.fastq.gz,AB/AB055_POW13003A55_S90_L004_R1_001.fastq.gz,AB/AB055_POW13003A55_S90_L004_R2_001.fastq.gz,,
SRR32638379,SRP569403,new,PRJNA1234298,SAMN47294516,AB056,POW13003A56,Metagenomic analysis of termite mounds,WGS,METAGENOMIC,RANDOM,paired,ILLUMINA,Illumina NovaSeq X Plus,DNA was extracted from termite mound substrate using a Qiagen PowerSoil kit. Sequencing was performed at the Ramaciotti Centre for Genomics (UNSW) on four lanes of a NovaSeq X Plus 10B 2x150bp.,fastq,AB/AB056_POW13003A56_S188_L001_R1_001.fastq.gz,AB/AB056_POW13003A56_S188_L001_R2_001.fastq.gz,AB/AB056_POW13003A56_S188_L002_R1_001.fastq.gz,AB/AB056_POW13003A56_S188_L002_R2_001.fastq.gz,AB/AB056_POW13003A56_S188_L003_R1_001.fastq.gz,AB/AB056_POW13003A56_S188_L003_R2_001.fastq.gz,AB/AB056_POW13003A56_S188_L004_R1_001.fastq.gz,AB/AB056_POW13003A56_S188_L004_R2_001.fastq.gz,,
SRR32638378,SRP569403,new,PRJNA1234298,SAMN47294517,AB057,POW13003A57,Metagenomic analysis of termite mounds,WGS,METAGENOMIC,RANDOM,paired,ILLUMINA,Illumina NovaSeq X Plus,DNA was extracted from termite mound substrate using a Qiagen PowerSoil kit. Sequencing was performed at the Ramaciotti Centre for Genomics (UNSW) on four lanes of a NovaSeq X Plus 10B 2x150bp.,fastq,AB/AB057_POW13003A57_S2_L001_R1_001.fastq.gz,AB/AB057_POW13003A57_S2_L001_R2_001.fastq.gz,AB/AB057_POW13003A57_S2_L002_R1_001.fastq.gz,AB/AB057_POW13003A57_S2_L002_R2_001.fastq.gz,AB/AB057_POW13003A57_S2_L003_R1_001.fastq.gz,AB/AB057_POW13003A57_S2_L003_R2_001.fastq.gz,AB/AB057_POW13003A57_S2_L004_R1_001.fastq.gz,AB/AB057_POW13003A57_S2_L004_R2_001.fastq.gz,,
SRR32638377,SRP569403,new,PRJNA1234298,SAMN47294518,AB058,POW13003A58,Metagenomic analysis of termite mounds,WGS,METAGENOMIC,RANDOM,paired,ILLUMINA,Illumina NovaSeq X Plus,DNA was extracted from termite mound substrate using a Qiagen PowerSoil kit. Sequencing was performed at the Ramaciotti Centre for Genomics (UNSW) on four lanes of a NovaSeq X Plus 10B 2x150bp.,fastq,AB/AB058_POW13003A58_S126_L001_R1_001.fastq.gz,AB/AB058_POW13003A58_S126_L001_R2_001.fastq.gz,AB/AB058_POW13003A58_S126_L002_R1_001.fastq.gz,AB/AB058_POW13003A58_S126_L002_R2_001.fastq.gz,AB/AB058_POW13003A58_S126_L003_R1_001.fastq.gz,AB/AB058_POW13003A58_S126_L003_R2_001.fastq.gz,AB/AB058_POW13003A58_S126_L004_R1_001.fastq.gz,AB/AB058_POW13003A58_S126_L004_R2_001.fastq.gz,,
SRR32638376,SRP569403,new,PRJNA1234298,SAMN47294519,AB059,POW13003A59,Metagenomic analysis of termite mounds,WGS,METAGENOMIC,RANDOM,paired,ILLUMINA,Illumina NovaSeq X Plus,DNA was extracted from termite mound substrate using a Qiagen PowerSoil kit. Sequencing was performed at the Ramaciotti Centre for Genomics (UNSW) on four lanes of a NovaSeq X Plus 10B 2x150bp.,fastq,AB/AB059_POW13003A59_S137_L001_R1_001.fastq.gz,AB/AB059_POW13003A59_S137_L001_R2_001.fastq.gz,AB/AB059_POW13003A59_S137_L002_R1_001.fastq.gz,AB/AB059_POW13003A59_S137_L002_R2_001.fastq.gz,AB/AB059_POW13003A59_S137_L003_R1_001.fastq.gz,AB/AB059_POW13003A59_S137_L003_R2_001.fastq.gz,AB/AB059_POW13003A59_S137_L004_R1_001.fastq.gz,AB/AB059_POW13003A59_S137_L004_R2_001.fastq.gz,,
SRR32638375,SRP569403,new,PRJNA1234298,SAMN47294520,AB060,POW13003A60,Metagenomic analysis of termite mounds,WGS,METAGENOMIC,RANDOM,paired,ILLUMINA,Illumina NovaSeq X Plus,DNA was extracted from termite mound substrate using a Qiagen PowerSoil kit. Sequencing was performed at the Ramaciotti Centre for Genomics (UNSW) on four lanes of a NovaSeq X Plus 10B 2x150bp.,fastq,AB/AB060_POW13003A60_S66_L001_R1_001.fastq.gz,AB/AB060_POW13003A60_S66_L001_R2_001.fastq.gz,AB/AB060_POW13003A60_S66_L002_R1_001.fastq.gz,AB/AB060_POW13003A60_S66_L002_R2_001.fastq.gz,AB/AB060_POW13003A60_S66_L003_R1_001.fastq.gz,AB/AB060_POW13003A60_S66_L003_R2_001.fastq.gz,AB/AB060_POW13003A60_S66_L004_R1_001.fastq.gz,AB/AB060_POW13003A60_S66_L004_R2_001.fastq.gz,,
SRR32638373,SRP569403,new,PRJNA1234298,SAMN47294521,AB061,POW13003A61,Metagenomic analysis of termite mounds,WGS,METAGENOMIC,RANDOM,paired,ILLUMINA,Illumina NovaSeq X Plus,DNA was extracted from termite mound substrate using a Qiagen PowerSoil kit. Sequencing was performed at the Ramaciotti Centre for Genomics (UNSW) on four lanes of a NovaSeq X Plus 10B 2x150bp.,fastq,AB/AB061_POW13003A61_S42_L001_R1_001.fastq.gz,AB/AB061_POW13003A61_S42_L001_R2_001.fastq.gz,AB/AB061_POW13003A61_S42_L002_R1_001.fastq.gz,AB/AB061_POW13003A61_S42_L002_R2_001.fastq.gz,AB/AB061_POW13003A61_S42_L003_R1_001.fastq.gz,AB/AB061_POW13003A61_S42_L003_R2_001.fastq.gz,AB/AB061_POW13003A61_S42_L004_R1_001.fastq.gz,AB/AB061_POW13003A61_S42_L004_R2_001.fastq.gz,,
SRR32638372,SRP569403,new,PRJNA1234298,SAMN47294522,AB062,POW13003A62,Metagenomic analysis of termite mounds,WGS,METAGENOMIC,RANDOM,paired,ILLUMINA,Illumina NovaSeq X Plus,DNA was extracted from termite mound substrate using a Qiagen PowerSoil kit. Sequencing was performed at the Ramaciotti Centre for Genomics (UNSW) on four lanes of a NovaSeq X Plus 10B 2x150bp.,fastq,AB/AB062_POW13003A62_S87_L001_R1_001.fastq.gz,AB/AB062_POW13003A62_S87_L001_R2_001.fastq.gz,AB/AB062_POW13003A62_S87_L002_R1_001.fastq.gz,AB/AB062_POW13003A62_S87_L002_R2_001.fastq.gz,AB/AB062_POW13003A62_S87_L003_R1_001.fastq.gz,AB/AB062_POW13003A62_S87_L003_R2_001.fastq.gz,AB/AB062_POW13003A62_S87_L004_R1_001.fastq.gz,AB/AB062_POW13003A62_S87_L004_R2_001.fastq.gz,,
SRR32638371,SRP569403,new,PRJNA1234298,SAMN47294523,AB063,POW13003A63,Metagenomic analysis of termite mounds,WGS,METAGENOMIC,RANDOM,paired,ILLUMINA,Illumina NovaSeq X Plus,DNA was extracted from termite mound substrate using a Qiagen PowerSoil kit. Sequencing was performed at the Ramaciotti Centre for Genomics (UNSW) on four lanes of a NovaSeq X Plus 10B 2x150bp.,fastq,AB/AB063_POW13003A63_S179_L001_R1_001.fastq.gz,AB/AB063_POW13003A63_S179_L001_R2_001.fastq.gz,AB/AB063_POW13003A63_S179_L002_R1_001.fastq.gz,AB/AB063_POW13003A63_S179_L002_R2_001.fastq.gz,AB/AB063_POW13003A63_S179_L003_R1_001.fastq.gz,AB/AB063_POW13003A63_S179_L003_R2_001.fastq.gz,AB/AB063_POW13003A63_S179_L004_R1_001.fastq.gz,AB/AB063_POW13003A63_S179_L004_R2_001.fastq.gz,,
SRR32638370,SRP569403,new,PRJNA1234298,SAMN47294524,AB064,POW13003A64,Metagenomic analysis of termite mounds,WGS,METAGENOMIC,RANDOM,paired,ILLUMINA,Illumina NovaSeq X Plus,DNA was extracted from termite mound substrate using a Qiagen PowerSoil kit. Sequencing was performed at the Ramaciotti Centre for Genomics (UNSW) on four lanes of a NovaSeq X Plus 10B 2x150bp.,fastq,AB/AB064_POW13003A64_S182_L001_R1_001.fastq.gz,AB/AB064_POW13003A64_S182_L001_R2_001.fastq.gz,AB/AB064_POW13003A64_S182_L002_R1_001.fastq.gz,AB/AB064_POW13003A64_S182_L002_R2_001.fastq.gz,AB/AB064_POW13003A64_S182_L003_R1_001.fastq.gz,AB/AB064_POW13003A64_S182_L003_R2_001.fastq.gz,AB/AB064_POW13003A64_S182_L004_R1_001.fastq.gz,AB/AB064_POW13003A64_S182_L004_R2_001.fastq.gz,,
SRR32638369,SRP569403,new,PRJNA1234298,SAMN47294525,AB065,POW13003A65,Metagenomic analysis of termite mounds,WGS,METAGENOMIC,RANDOM,paired,ILLUMINA,Illumina NovaSeq X Plus,DNA was extracted from termite mound substrate using a Qiagen PowerSoil kit. Sequencing was performed at the Ramaciotti Centre for Genomics (UNSW) on four lanes of a NovaSeq X Plus 10B 2x150bp.,fastq,AB/AB065_POW13003A65_S129_L001_R1_001.fastq.gz,AB/AB065_POW13003A65_S129_L001_R2_001.fastq.gz,AB/AB065_POW13003A65_S129_L002_R1_001.fastq.gz,AB/AB065_POW13003A65_S129_L002_R2_001.fastq.gz,AB/AB065_POW13003A65_S129_L003_R1_001.fastq.gz,AB/AB065_POW13003A65_S129_L003_R2_001.fastq.gz,AB/AB065_POW13003A65_S129_L004_R1_001.fastq.gz,AB/AB065_POW13003A65_S129_L004_R2_001.fastq.gz,,
SRR32638368,SRP569403,new,PRJNA1234298,SAMN47294526,AB066,POW13003A66,Metagenomic analysis of termite mounds,WGS,METAGENOMIC,RANDOM,paired,ILLUMINA,Illumina NovaSeq X Plus,DNA was extracted from termite mound substrate using a Qiagen PowerSoil kit. Sequencing was performed at the Ramaciotti Centre for Genomics (UNSW) on four lanes of a NovaSeq X Plus 10B 2x150bp.,fastq,AB/AB066_POW13003A66_S183_L001_R1_001.fastq.gz,AB/AB066_POW13003A66_S183_L001_R2_001.fastq.gz,AB/AB066_POW13003A66_S183_L002_R1_001.fastq.gz,AB/AB066_POW13003A66_S183_L002_R2_001.fastq.gz,AB/AB066_POW13003A66_S183_L003_R1_001.fastq.gz,AB/AB066_POW13003A66_S183_L003_R2_001.fastq.gz,AB/AB066_POW13003A66_S183_L004_R1_001.fastq.gz,AB/AB066_POW13003A66_S183_L004_R2_001.fastq.gz,,
SRR32638367,SRP569403,new,PRJNA1234298,SAMN47294527,AB067,POW13003A67,Metagenomic analysis of termite mounds,WGS,METAGENOMIC,RANDOM,paired,ILLUMINA,Illumina NovaSeq X Plus,DNA was extracted from termite mound substrate using a Qiagen PowerSoil kit. Sequencing was performed at the Ramaciotti Centre for Genomics (UNSW) on four lanes of a NovaSeq X Plus 10B 2x150bp.,fastq,AB/AB067_POW13003A67_S186_L001_R1_001.fastq.gz,AB/AB067_POW13003A67_S186_L001_R2_001.fastq.gz,AB/AB067_POW13003A67_S186_L002_R1_001.fastq.gz,AB/AB067_POW13003A67_S186_L002_R2_001.fastq.gz,AB/AB067_POW13003A67_S186_L003_R1_001.fastq.gz,AB/AB067_POW13003A67_S186_L003_R2_001.fastq.gz,AB/AB067_POW13003A67_S186_L004_R1_001.fastq.gz,AB/AB067_POW13003A67_S186_L004_R2_001.fastq.gz,,
SRR32638366,SRP569403,new,PRJNA1234298,SAMN47294528,AB068,POW13003A68,Metagenomic analysis of termite mounds,WGS,METAGENOMIC,RANDOM,paired,ILLUMINA,Illumina NovaSeq X Plus,DNA was extracted from termite mound substrate using a Qiagen PowerSoil kit. Sequencing was performed at the Ramaciotti Centre for Genomics (UNSW) on four lanes of a NovaSeq X Plus 10B 2x150bp.,fastq,AB/AB068_POW13003A68_S124_L001_R1_001.fastq.gz,AB/AB068_POW13003A68_S124_L001_R2_001.fastq.gz,AB/AB068_POW13003A68_S124_L002_R1_001.fastq.gz,AB/AB068_POW13003A68_S124_L002_R2_001.fastq.gz,AB/AB068_POW13003A68_S124_L003_R1_001.fastq.gz,AB/AB068_POW13003A68_S124_L003_R2_001.fastq.gz,AB/AB068_POW13003A68_S124_L004_R1_001.fastq.gz,AB/AB068_POW13003A68_S124_L004_R2_001.fastq.gz,,
SRR32638349,SRP569403,new,PRJNA1234298,SAMN47294529,AB069,POW13003A69,Metagenomic analysis of termite mounds,WGS,METAGENOMIC,RANDOM,paired,ILLUMINA,Illumina NovaSeq X Plus,DNA was extracted from termite mound substrate using a Qiagen PowerSoil kit. Sequencing was performed at the Ramaciotti Centre for Genomics (UNSW) on four lanes of a NovaSeq X Plus 10B 2x150bp.,fastq,AB/AB069_POW13003A69_S51_L001_R1_001.fastq.gz,AB/AB069_POW13003A69_S51_L001_R2_001.fastq.gz,AB/AB069_POW13003A69_S51_L002_R1_001.fastq.gz,AB/AB069_POW13003A69_S51_L002_R2_001.fastq.gz,AB/AB069_POW13003A69_S51_L003_R1_001.fastq.gz,AB/AB069_POW13003A69_S51_L003_R2_001.fastq.gz,AB/AB069_POW13003A69_S51_L004_R1_001.fastq.gz,AB/AB069_POW13003A69_S51_L004_R2_001.fastq.gz,,
SRR32638348,SRP569403,new,PRJNA1234298,SAMN47294530,AB070,POW13003A70,Metagenomic analysis of termite mounds,WGS,METAGENOMIC,RANDOM,paired,ILLUMINA,Illumina NovaSeq X Plus,DNA was extracted from termite mound substrate using a Qiagen PowerSoil kit. Sequencing was performed at the Ramaciotti Centre for Genomics (UNSW) on four lanes of a NovaSeq X Plus 10B 2x150bp.,fastq,AB/AB070_POW13003A70_S97_L001_R1_001.fastq.gz,AB/AB070_POW13003A70_S97_L001_R2_001.fastq.gz,AB/AB070_POW13003A70_S97_L002_R1_001.fastq.gz,AB/AB070_POW13003A70_S97_L002_R2_001.fastq.gz,AB/AB070_POW13003A70_S97_L003_R1_001.fastq.gz,AB/AB070_POW13003A70_S97_L003_R2_001.fastq.gz,AB/AB070_POW13003A70_S97_L004_R1_001.fastq.gz,AB/AB070_POW13003A70_S97_L004_R2_001.fastq.gz,,
SRR32638346,SRP569403,new,PRJNA1234298,SAMN47294531,AB071,POW13003A71,Metagenomic analysis of termite mounds,WGS,METAGENOMIC,RANDOM,paired,ILLUMINA,Illumina NovaSeq X Plus,DNA was extracted from termite mound substrate using a Qiagen PowerSoil kit. Sequencing was performed at the Ramaciotti Centre for Genomics (UNSW) on four lanes of a NovaSeq X Plus 10B 2x150bp.,fastq,AB/AB071_POW13003A71_S174_L001_R1_001.fastq.gz,AB/AB071_POW13003A71_S174_L001_R2_001.fastq.gz,AB/AB071_POW13003A71_S174_L002_R1_001.fastq.gz,AB/AB071_POW13003A71_S174_L002_R2_001.fastq.gz,AB/AB071_POW13003A71_S174_L003_R1_001.fastq.gz,AB/AB071_POW13003A71_S174_L003_R2_001.fastq.gz,AB/AB071_POW13003A71_S174_L004_R1_001.fastq.gz,AB/AB071_POW13003A71_S174_L004_R2_001.fastq.gz,,
SRR32638345,SRP569403,new,PRJNA1234298,SAMN47294532,AB072,POW13003A72,Metagenomic analysis of termite mounds,WGS,METAGENOMIC,RANDOM,paired,ILLUMINA,Illumina NovaSeq X Plus,DNA was extracted from termite mound substrate using a Qiagen PowerSoil kit. Sequencing was performed at the Ramaciotti Centre for Genomics (UNSW) on four lanes of a NovaSeq X Plus 10B 2x150bp.,fastq,AB/AB072_POW13003A72_S56_L001_R1_001.fastq.gz,AB/AB072_POW13003A72_S56_L001_R2_001.fastq.gz,AB/AB072_POW13003A72_S56_L002_R1_001.fastq.gz,AB/AB072_POW13003A72_S56_L002_R2_001.fastq.gz,AB/AB072_POW13003A72_S56_L003_R1_001.fastq.gz,AB/AB072_POW13003A72_S56_L003_R2_001.fastq.gz,AB/AB072_POW13003A72_S56_L004_R1_001.fastq.gz,AB/AB072_POW13003A72_S56_L004_R2_001.fastq.gz,,
SRR32638344,SRP569403,new,PRJNA1234298,SAMN47294533,AB073,POW13003A73,Metagenomic analysis of termite mounds,WGS,METAGENOMIC,RANDOM,paired,ILLUMINA,Illumina NovaSeq X Plus,DNA was extracted from termite mound substrate using a Qiagen PowerSoil kit. Sequencing was performed at the Ramaciotti Centre for Genomics (UNSW) on four lanes of a NovaSeq X Plus 10B 2x150bp.,fastq,AB/AB073_POW13003A73_S61_L001_R1_001.fastq.gz,AB/AB073_POW13003A73_S61_L001_R2_001.fastq.gz,AB/AB073_POW13003A73_S61_L002_R1_001.fastq.gz,AB/AB073_POW13003A73_S61_L002_R2_001.fastq.gz,AB/AB073_POW13003A73_S61_L003_R1_001.fastq.gz,AB/AB073_POW13003A73_S61_L003_R2_001.fastq.gz,AB/AB073_POW13003A73_S61_L004_R1_001.fastq.gz,AB/AB073_POW13003A73_S61_L004_R2_001.fastq.gz,,
SRR32638343,SRP569403,new,PRJNA1234298,SAMN47294534,AB074,POW13003A74,Metagenomic analysis of termite mounds,WGS,METAGENOMIC,RANDOM,paired,ILLUMINA,Illumina NovaSeq X Plus,DNA was extracted from termite mound substrate using a Qiagen PowerSoil kit. Sequencing was performed at the Ramaciotti Centre for Genomics (UNSW) on four lanes of a NovaSeq X Plus 10B 2x150bp.,fastq,AB/AB074_POW13003A74_S32_L001_R1_001.fastq.gz,AB/AB074_POW13003A74_S32_L001_R2_001.fastq.gz,AB/AB074_POW13003A74_S32_L002_R1_001.fastq.gz,AB/AB074_POW13003A74_S32_L002_R2_001.fastq.gz,AB/AB074_POW13003A74_S32_L003_R1_001.fastq.gz,AB/AB074_POW13003A74_S32_L003_R2_001.fastq.gz,AB/AB074_POW13003A74_S32_L004_R1_001.fastq.gz,AB/AB074_POW13003A74_S32_L004_R2_001.fastq.gz,,
SRR32638342,SRP569403,new,PRJNA1234298,SAMN47294535,AB075,POW13003A75,Metagenomic analysis of termite mounds,WGS,METAGENOMIC,RANDOM,paired,ILLUMINA,Illumina NovaSeq X Plus,DNA was extracted from termite mound substrate using a Qiagen PowerSoil kit. Sequencing was performed at the Ramaciotti Centre for Genomics (UNSW) on four lanes of a NovaSeq X Plus 10B 2x150bp.,fastq,AB/AB075_POW13003A75_S65_L001_R1_001.fastq.gz,AB/AB075_POW13003A75_S65_L001_R2_001.fastq.gz,AB/AB075_POW13003A75_S65_L002_R1_001.fastq.gz,AB/AB075_POW13003A75_S65_L002_R2_001.fastq.gz,AB/AB075_POW13003A75_S65_L003_R1_001.fastq.gz,AB/AB075_POW13003A75_S65_L003_R2_001.fastq.gz,AB/AB075_POW13003A75_S65_L004_R1_001.fastq.gz,AB/AB075_POW13003A75_S65_L004_R2_001.fastq.gz,,
SRR32638341,SRP569403,new,PRJNA1234298,SAMN47294536,AB076,POW13003A76,Metagenomic analysis of termite mounds,WGS,METAGENOMIC,RANDOM,paired,ILLUMINA,Illumina NovaSeq X Plus,DNA was extracted from termite mound substrate using a Qiagen PowerSoil kit. Sequencing was performed at the Ramaciotti Centre for Genomics (UNSW) on four lanes of a NovaSeq X Plus 10B 2x150bp.,fastq,AB/AB076_POW13003A76_S21_L001_R1_001.fastq.gz,AB/AB076_POW13003A76_S21_L001_R2_001.fastq.gz,AB/AB076_POW13003A76_S21_L002_R1_001.fastq.gz,AB/AB076_POW13003A76_S21_L002_R2_001.fastq.gz,AB/AB076_POW13003A76_S21_L003_R1_001.fastq.gz,AB/AB076_POW13003A76_S21_L003_R2_001.fastq.gz,AB/AB076_POW13003A76_S21_L004_R1_001.fastq.gz,AB/AB076_POW13003A76_S21_L004_R2_001.fastq.gz,,
SRR32638340,SRP569403,new,PRJNA1234298,SAMN47294537,AB077,POW13003A77,Metagenomic analysis of termite mounds,WGS,METAGENOMIC,RANDOM,paired,ILLUMINA,Illumina NovaSeq X Plus,DNA was extracted from termite mound substrate using a Qiagen PowerSoil kit. Sequencing was performed at the Ramaciotti Centre for Genomics (UNSW) on four lanes of a NovaSeq X Plus 10B 2x150bp.,fastq,AB/AB077_POW13003A77_S62_L001_R1_001.fastq.gz,AB/AB077_POW13003A77_S62_L001_R2_001.fastq.gz,AB/AB077_POW13003A77_S62_L002_R1_001.fastq.gz,AB/AB077_POW13003A77_S62_L002_R2_001.fastq.gz,AB/AB077_POW13003A77_S62_L003_R1_001.fastq.gz,AB/AB077_POW13003A77_S62_L003_R2_001.fastq.gz,AB/AB077_POW13003A77_S62_L004_R1_001.fastq.gz,AB/AB077_POW13003A77_S62_L004_R2_001.fastq.gz,,
SRR32638339,SRP569403,new,PRJNA1234298,SAMN47294538,AB078,POW13003A78,Metagenomic analysis of termite mounds,WGS,METAGENOMIC,RANDOM,paired,ILLUMINA,Illumina NovaSeq X Plus,DNA was extracted from termite mound substrate using a Qiagen PowerSoil kit. Sequencing was performed at the Ramaciotti Centre for Genomics (UNSW) on four lanes of a NovaSeq X Plus 10B 2x150bp.,fastq,AB/AB078_POW13003A78_S171_L001_R1_001.fastq.gz,AB/AB078_POW13003A78_S171_L001_R2_001.fastq.gz,AB/AB078_POW13003A78_S171_L002_R1_001.fastq.gz,AB/AB078_POW13003A78_S171_L002_R2_001.fastq.gz,AB/AB078_POW13003A78_S171_L003_R1_001.fastq.gz,AB/AB078_POW13003A78_S171_L003_R2_001.fastq.gz,AB/AB078_POW13003A78_S171_L004_R1_001.fastq.gz,AB/AB078_POW13003A78_S171_L004_R2_001.fastq.gz,,
SRR32638338,SRP569403,new,PRJNA1234298,SAMN47294539,AB079,POW13003A79,Metagenomic analysis of termite mounds,WGS,METAGENOMIC,RANDOM,paired,ILLUMINA,Illumina NovaSeq X Plus,DNA was extracted from termite mound substrate using a Qiagen PowerSoil kit. Sequencing was performed at the Ramaciotti Centre for Genomics (UNSW) on four lanes of a NovaSeq X Plus 10B 2x150bp.,fastq,AB/AB079_POW13003A79_S161_L001_R1_001.fastq.gz,AB/AB079_POW13003A79_S161_L001_R2_001.fastq.gz,AB/AB079_POW13003A79_S161_L002_R1_001.fastq.gz,AB/AB079_POW13003A79_S161_L002_R2_001.fastq.gz,AB/AB079_POW13003A79_S161_L003_R1_001.fastq.gz,AB/AB079_POW13003A79_S161_L003_R2_001.fastq.gz,AB/AB079_POW13003A79_S161_L004_R1_001.fastq.gz,AB/AB079_POW13003A79_S161_L004_R2_001.fastq.gz,,
SRR32638337,SRP569403,new,PRJNA1234298,SAMN47294540,AB080,POW13003A80,Metagenomic analysis of termite mounds,WGS,METAGENOMIC,RANDOM,paired,ILLUMINA,Illumina NovaSeq X Plus,DNA was extracted from termite mound substrate using a Qiagen PowerSoil kit. Sequencing was performed at the Ramaciotti Centre for Genomics (UNSW) on four lanes of a NovaSeq X Plus 10B 2x150bp.,fastq,AB/AB080_POW13003A80_S116_L001_R1_001.fastq.gz,AB/AB080_POW13003A80_S116_L001_R2_001.fastq.gz,AB/AB080_POW13003A80_S116_L002_R1_001.fastq.gz,AB/AB080_POW13003A80_S116_L002_R2_001.fastq.gz,AB/AB080_POW13003A80_S116_L003_R1_001.fastq.gz,AB/AB080_POW13003A80_S116_L003_R2_001.fastq.gz,AB/AB080_POW13003A80_S116_L004_R1_001.fastq.gz,AB/AB080_POW13003A80_S116_L004_R2_001.fastq.gz,,
SRR32638335,SRP569403,new,PRJNA1234298,SAMN47294541,AB081,POW13003A81,Metagenomic analysis of termite mounds,WGS,METAGENOMIC,RANDOM,paired,ILLUMINA,Illumina NovaSeq X Plus,DNA was extracted from termite mound substrate using a Qiagen PowerSoil kit. Sequencing was performed at the Ramaciotti Centre for Genomics (UNSW) on four lanes of a NovaSeq X Plus 10B 2x150bp.,fastq,AB/AB081_POW13003A81_S125_L001_R1_001.fastq.gz,AB/AB081_POW13003A81_S125_L001_R2_001.fastq.gz,AB/AB081_POW13003A81_S125_L002_R1_001.fastq.gz,AB/AB081_POW13003A81_S125_L002_R2_001.fastq.gz,AB/AB081_POW13003A81_S125_L003_R1_001.fastq.gz,AB/AB081_POW13003A81_S125_L003_R2_001.fastq.gz,AB/AB081_POW13003A81_S125_L004_R1_001.fastq.gz,AB/AB081_POW13003A81_S125_L004_R2_001.fastq.gz,,
SRR32638334,SRP569403,new,PRJNA1234298,SAMN47294542,AB082,POW13003A82,Metagenomic analysis of termite mounds,WGS,METAGENOMIC,RANDOM,paired,ILLUMINA,Illumina NovaSeq X Plus,DNA was extracted from termite mound substrate using a Qiagen PowerSoil kit. Sequencing was performed at the Ramaciotti Centre for Genomics (UNSW) on four lanes of a NovaSeq X Plus 10B 2x150bp.,fastq,AB/AB082_POW13003A82_S134_L001_R1_001.fastq.gz,AB/AB082_POW13003A82_S134_L001_R2_001.fastq.gz,AB/AB082_POW13003A82_S134_L002_R1_001.fastq.gz,AB/AB082_POW13003A82_S134_L002_R2_001.fastq.gz,AB/AB082_POW13003A82_S134_L003_R1_001.fastq.gz,AB/AB082_POW13003A82_S134_L003_R2_001.fastq.gz,AB/AB082_POW13003A82_S134_L004_R1_001.fastq.gz,AB/AB082_POW13003A82_S134_L004_R2_001.fastq.gz,,
SRR32638413,SRP569403,new,PRJNA1234298,SAMN47294543,AB083,POW13003A83,Metagenomic analysis of termite mounds,WGS,METAGENOMIC,RANDOM,paired,ILLUMINA,Illumina NovaSeq X Plus,DNA was extracted from termite mound substrate using a Qiagen PowerSoil kit. Sequencing was performed at the Ramaciotti Centre for Genomics (UNSW) on four lanes of a NovaSeq X Plus 10B 2x150bp.,fastq,AB/AB083_POW13003A83_S63_L001_R1_001.fastq.gz,AB/AB083_POW13003A83_S63_L001_R2_001.fastq.gz,AB/AB083_POW13003A83_S63_L002_R1_001.fastq.gz,AB/AB083_POW13003A83_S63_L002_R2_001.fastq.gz,AB/AB083_POW13003A83_S63_L003_R1_001.fastq.gz,AB/AB083_POW13003A83_S63_L003_R2_001.fastq.gz,AB/AB083_POW13003A83_S63_L004_R1_001.fastq.gz,AB/AB083_POW13003A83_S63_L004_R2_001.fastq.gz,,
SRR32638412,SRP569403,new,PRJNA1234298,SAMN47294544,AB084,POW13003A84,Metagenomic analysis of termite mounds,WGS,METAGENOMIC,RANDOM,paired,ILLUMINA,Illumina NovaSeq X Plus,DNA was extracted from termite mound substrate using a Qiagen PowerSoil kit. Sequencing was performed at the Ramaciotti Centre for Genomics (UNSW) on four lanes of a NovaSeq X Plus 10B 2x150bp.,fastq,AB/AB084_POW13003A84_S71_L001_R1_001.fastq.gz,AB/AB084_POW13003A84_S71_L001_R2_001.fastq.gz,AB/AB084_POW13003A84_S71_L002_R1_001.fastq.gz,AB/AB084_POW13003A84_S71_L002_R2_001.fastq.gz,AB/AB084_POW13003A84_S71_L003_R1_001.fastq.gz,AB/AB084_POW13003A84_S71_L003_R2_001.fastq.gz,AB/AB084_POW13003A84_S71_L004_R1_001.fastq.gz,AB/AB084_POW13003A84_S71_L004_R2_001.fastq.gz,,
SRR32638411,SRP569403,new,PRJNA1234298,SAMN47294545,AB085,POW13003A85,Metagenomic analysis of termite mounds,WGS,METAGENOMIC,RANDOM,paired,ILLUMINA,Illumina NovaSeq X Plus,DNA was extracted from termite mound substrate using a Qiagen PowerSoil kit. Sequencing was performed at the Ramaciotti Centre for Genomics (UNSW) on four lanes of a NovaSeq X Plus 10B 2x150bp.,fastq,AB/AB085_POW13003A85_S120_L001_R1_001.fastq.gz,AB/AB085_POW13003A85_S120_L001_R2_001.fastq.gz,AB/AB085_POW13003A85_S120_L002_R1_001.fastq.gz,AB/AB085_POW13003A85_S120_L002_R2_001.fastq.gz,AB/AB085_POW13003A85_S120_L003_R1_001.fastq.gz,AB/AB085_POW13003A85_S120_L003_R2_001.fastq.gz,AB/AB085_POW13003A85_S120_L004_R1_001.fastq.gz,AB/AB085_POW13003A85_S120_L004_R2_001.fastq.gz,,
SRR32638410,SRP569403,new,PRJNA1234298,SAMN47294546,AB086,POW13003A86,Metagenomic analysis of termite mounds,WGS,METAGENOMIC,RANDOM,paired,ILLUMINA,Illumina NovaSeq X Plus,DNA was extracted from termite mound substrate using a Qiagen PowerSoil kit. Sequencing was performed at the Ramaciotti Centre for Genomics (UNSW) on four lanes of a NovaSeq X Plus 10B 2x150bp.,fastq,AB/AB086_POW13003A86_S64_L001_R1_001.fastq.gz,AB/AB086_POW13003A86_S64_L001_R2_001.fastq.gz,AB/AB086_POW13003A86_S64_L002_R1_001.fastq.gz,AB/AB086_POW13003A86_S64_L002_R2_001.fastq.gz,AB/AB086_POW13003A86_S64_L003_R1_001.fastq.gz,AB/AB086_POW13003A86_S64_L003_R2_001.fastq.gz,AB/AB086_POW13003A86_S64_L004_R1_001.fastq.gz,AB/AB086_POW13003A86_S64_L004_R2_001.fastq.gz,,
SRR32638409,SRP569403,new,PRJNA1234298,SAMN47294547,AB087,POW13003A87,Metagenomic analysis of termite mounds,WGS,METAGENOMIC,RANDOM,paired,ILLUMINA,Illumina NovaSeq X Plus,DNA was extracted from termite mound substrate using a Qiagen PowerSoil kit. Sequencing was performed at the Ramaciotti Centre for Genomics (UNSW) on four lanes of a NovaSeq X Plus 10B 2x150bp.,fastq,AB/AB087_POW13003A87_S19_L001_R1_001.fastq.gz,AB/AB087_POW13003A87_S19_L001_R2_001.fastq.gz,AB/AB087_POW13003A87_S19_L002_R1_001.fastq.gz,AB/AB087_POW13003A87_S19_L002_R2_001.fastq.gz,AB/AB087_POW13003A87_S19_L003_R1_001.fastq.gz,AB/AB087_POW13003A87_S19_L003_R2_001.fastq.gz,AB/AB087_POW13003A87_S19_L004_R1_001.fastq.gz,AB/AB087_POW13003A87_S19_L004_R2_001.fastq.gz,,
SRR32638408,SRP569403,new,PRJNA1234298,SAMN47294548,AB088,POW13003A88,Metagenomic analysis of termite mounds,WGS,METAGENOMIC,RANDOM,paired,ILLUMINA,Illumina NovaSeq X Plus,DNA was extracted from termite mound substrate using a Qiagen PowerSoil kit. Sequencing was performed at the Ramaciotti Centre for Genomics (UNSW) on four lanes of a NovaSeq X Plus 10B 2x150bp.,fastq,AB/AB088_POW13003A88_S76_L001_R1_001.fastq.gz,AB/AB088_POW13003A88_S76_L001_R2_001.fastq.gz,AB/AB088_POW13003A88_S76_L002_R1_001.fastq.gz,AB/AB088_POW13003A88_S76_L002_R2_001.fastq.gz,AB/AB088_POW13003A88_S76_L003_R1_001.fastq.gz,AB/AB088_POW13003A88_S76_L003_R2_001.fastq.gz,AB/AB088_POW13003A88_S76_L004_R1_001.fastq.gz,AB/AB088_POW13003A88_S76_L004_R2_001.fastq.gz,,
SRR32638407,SRP569403,new,PRJNA1234298,SAMN47294549,AB089,POW13003A89,Metagenomic analysis of termite mounds,WGS,METAGENOMIC,RANDOM,paired,ILLUMINA,Illumina NovaSeq X Plus,DNA was extracted from termite mound substrate using a Qiagen PowerSoil kit. Sequencing was performed at the Ramaciotti Centre for Genomics (UNSW) on four lanes of a NovaSeq X Plus 10B 2x150bp.,fastq,AB/AB089_POW13003A89_S144_L001_R1_001.fastq.gz,AB/AB089_POW13003A89_S144_L001_R2_001.fastq.gz,AB/AB089_POW13003A89_S144_L002_R1_001.fastq.gz,AB/AB089_POW13003A89_S144_L002_R2_001.fastq.gz,AB/AB089_POW13003A89_S144_L003_R1_001.fastq.gz,AB/AB089_POW13003A89_S144_L003_R2_001.fastq.gz,AB/AB089_POW13003A89_S144_L004_R1_001.fastq.gz,AB/AB089_POW13003A89_S144_L004_R2_001.fastq.gz,,
SRR32638406,SRP569403,new,PRJNA1234298,SAMN47294550,AB090,POW13003A90,Metagenomic analysis of termite mounds,WGS,METAGENOMIC,RANDOM,paired,ILLUMINA,Illumina NovaSeq X Plus,DNA was extracted from termite mound substrate using a Qiagen PowerSoil kit. Sequencing was performed at the Ramaciotti Centre for Genomics (UNSW) on four lanes of a NovaSeq X Plus 10B 2x150bp.,fastq,AB/AB090_POW13003A90_S104_L001_R1_001.fastq.gz,AB/AB090_POW13003A90_S104_L001_R2_001.fastq.gz,AB/AB090_POW13003A90_S104_L002_R1_001.fastq.gz,AB/AB090_POW13003A90_S104_L002_R2_001.fastq.gz,AB/AB090_POW13003A90_S104_L003_R1_001.fastq.gz,AB/AB090_POW13003A90_S104_L003_R2_001.fastq.gz,AB/AB090_POW13003A90_S104_L004_R1_001.fastq.gz,AB/AB090_POW13003A90_S104_L004_R2_001.fastq.gz,,
SRR32638404,SRP569403,new,PRJNA1234298,SAMN47294551,AB091,POW13003A91,Metagenomic analysis of termite mounds,WGS,METAGENOMIC,RANDOM,paired,ILLUMINA,Illumina NovaSeq X Plus,DNA was extracted from termite mound substrate using a Qiagen PowerSoil kit. Sequencing was performed at the Ramaciotti Centre for Genomics (UNSW) on four lanes of a NovaSeq X Plus 10B 2x150bp.,fastq,AB/AB091_POW13003A91_S49_L001_R1_001.fastq.gz,AB/AB091_POW13003A91_S49_L001_R2_001.fastq.gz,AB/AB091_POW13003A91_S49_L002_R1_001.fastq.gz,AB/AB091_POW13003A91_S49_L002_R2_001.fastq.gz,AB/AB091_POW13003A91_S49_L003_R1_001.fastq.gz,AB/AB091_POW13003A91_S49_L003_R2_001.fastq.gz,AB/AB091_POW13003A91_S49_L004_R1_001.fastq.gz,AB/AB091_POW13003A91_S49_L004_R2_001.fastq.gz,,
SRR32638403,SRP569403,new,PRJNA1234298,SAMN47294552,AB092,POW13003A92,Metagenomic analysis of termite mounds,WGS,METAGENOMIC,RANDOM,paired,ILLUMINA,Illumina NovaSeq X Plus,DNA was extracted from termite mound substrate using a Qiagen PowerSoil kit. Sequencing was performed at the Ramaciotti Centre for Genomics (UNSW) on four lanes of a NovaSeq X Plus 10B 2x150bp.,fastq,AB/AB092_POW13003A92_S53_L001_R1_001.fastq.gz,AB/AB092_POW13003A92_S53_L001_R2_001.fastq.gz,AB/AB092_POW13003A92_S53_L002_R1_001.fastq.gz,AB/AB092_POW13003A92_S53_L002_R2_001.fastq.gz,AB/AB092_POW13003A92_S53_L003_R1_001.fastq.gz,AB/AB092_POW13003A92_S53_L003_R2_001.fastq.gz,AB/AB092_POW13003A92_S53_L004_R1_001.fastq.gz,AB/AB092_POW13003A92_S53_L004_R2_001.fastq.gz,,
SRR32638402,SRP569403,new,PRJNA1234298,SAMN47294553,AB093,POW13003A93,Metagenomic analysis of termite mounds,WGS,METAGENOMIC,RANDOM,paired,ILLUMINA,Illumina NovaSeq X Plus,DNA was extracted from termite mound substrate using a Qiagen PowerSoil kit. Sequencing was performed at the Ramaciotti Centre for Genomics (UNSW) on four lanes of a NovaSeq X Plus 10B 2x150bp.,fastq,AB/AB093_POW13003A93_S158_L001_R1_001.fastq.gz,AB/AB093_POW13003A93_S158_L001_R2_001.fastq.gz,AB/AB093_POW13003A93_S158_L002_R1_001.fastq.gz,AB/AB093_POW13003A93_S158_L002_R2_001.fastq.gz,AB/AB093_POW13003A93_S158_L003_R1_001.fastq.gz,AB/AB093_POW13003A93_S158_L003_R2_001.fastq.gz,AB/AB093_POW13003A93_S158_L004_R1_001.fastq.gz,AB/AB093_POW13003A93_S158_L004_R2_001.fastq.gz,,
SRR32638401,SRP569403,new,PRJNA1234298,SAMN47294554,AB094,POW13003A94,Metagenomic analysis of termite mounds,WGS,METAGENOMIC,RANDOM,paired,ILLUMINA,Illumina NovaSeq X Plus,DNA was extracted from termite mound substrate using a Qiagen PowerSoil kit. Sequencing was performed at the Ramaciotti Centre for Genomics (UNSW) on four lanes of a NovaSeq X Plus 10B 2x150bp.,fastq,AB/AB094_POW13003A94_S44_L001_R1_001.fastq.gz,AB/AB094_POW13003A94_S44_L001_R2_001.fastq.gz,AB/AB094_POW13003A94_S44_L002_R1_001.fastq.gz,AB/AB094_POW13003A94_S44_L002_R2_001.fastq.gz,AB/AB094_POW13003A94_S44_L003_R1_001.fastq.gz,AB/AB094_POW13003A94_S44_L003_R2_001.fastq.gz,AB/AB094_POW13003A94_S44_L004_R1_001.fastq.gz,AB/AB094_POW13003A94_S44_L004_R2_001.fastq.gz,,
SRR32638400,SRP569403,new,PRJNA1234298,SAMN47294555,AB095,POW13003A95,Metagenomic analysis of termite mounds,WGS,METAGENOMIC,RANDOM,paired,ILLUMINA,Illumina NovaSeq X Plus,DNA was extracted from termite mound substrate using a Qiagen PowerSoil kit. Sequencing was performed at the Ramaciotti Centre for Genomics (UNSW) on four lanes of a NovaSeq X Plus 10B 2x150bp.,fastq,AB/AB095_POW13003A95_S54_L001_R1_001.fastq.gz,AB/AB095_POW13003A95_S54_L001_R2_001.fastq.gz,AB/AB095_POW13003A95_S54_L002_R1_001.fastq.gz,AB/AB095_POW13003A95_S54_L002_R2_001.fastq.gz,AB/AB095_POW13003A95_S54_L003_R1_001.fastq.gz,AB/AB095_POW13003A95_S54_L003_R2_001.fastq.gz,AB/AB095_POW13003A95_S54_L004_R1_001.fastq.gz,AB/AB095_POW13003A95_S54_L004_R2_001.fastq.gz,,
SRR32638399,SRP569403,new,PRJNA1234298,SAMN47294556,AB096,POW13003A96,Metagenomic analysis of termite mounds,WGS,METAGENOMIC,RANDOM,paired,ILLUMINA,Illumina NovaSeq X Plus,DNA was extracted from termite mound substrate using a Qiagen PowerSoil kit. Sequencing was performed at the Ramaciotti Centre for Genomics (UNSW) on four lanes of a NovaSeq X Plus 10B 2x150bp.,fastq,AB/AB096_POW13003A96_S23_L001_R1_001.fastq.gz,AB/AB096_POW13003A96_S23_L001_R2_001.fastq.gz,AB/AB096_POW13003A96_S23_L002_R1_001.fastq.gz,AB/AB096_POW13003A96_S23_L002_R2_001.fastq.gz,AB/AB096_POW13003A96_S23_L003_R1_001.fastq.gz,AB/AB096_POW13003A96_S23_L003_R2_001.fastq.gz,AB/AB096_POW13003A96_S23_L004_R1_001.fastq.gz,AB/AB096_POW13003A96_S23_L004_R2_001.fastq.gz,,
SRR32638398,SRP569403,new,PRJNA1234298,SAMN47294557,AB097,POW13003A97,Metagenomic analysis of termite mounds,WGS,METAGENOMIC,RANDOM,paired,ILLUMINA,Illumina NovaSeq X Plus,DNA was extracted from termite mound substrate using a Qiagen PowerSoil kit. Sequencing was performed at the Ramaciotti Centre for Genomics (UNSW) on four lanes of a NovaSeq X Plus 10B 2x150bp.,fastq,AB/AB097_POW13003A97_S136_L001_R1_001.fastq.gz,AB/AB097_POW13003A97_S136_L001_R2_001.fastq.gz,AB/AB097_POW13003A97_S136_L002_R1_001.fastq.gz,AB/AB097_POW13003A97_S136_L002_R2_001.fastq.gz,AB/AB097_POW13003A97_S136_L003_R1_001.fastq.gz,AB/AB097_POW13003A97_S136_L003_R2_001.fastq.gz,AB/AB097_POW13003A97_S136_L004_R1_001.fastq.gz,AB/AB097_POW13003A97_S136_L004_R2_001.fastq.gz,,
SRR32638333,SRP569403,new,PRJNA1234298,SAMN47294558,AB098,POW13003A98,Metagenomic analysis of termite mounds,WGS,METAGENOMIC,RANDOM,paired,ILLUMINA,Illumina NovaSeq X Plus,DNA was extracted from termite mound substrate using a Qiagen PowerSoil kit. Sequencing was performed at the Ramaciotti Centre for Genomics (UNSW) on four lanes of a NovaSeq X Plus 10B 2x150bp.,fastq,AB/AB098_POW13003A98_S155_L001_R1_001.fastq.gz,AB/AB098_POW13003A98_S155_L001_R2_001.fastq.gz,AB/AB098_POW13003A98_S155_L002_R1_001.fastq.gz,AB/AB098_POW13003A98_S155_L002_R2_001.fastq.gz,AB/AB098_POW13003A98_S155_L003_R1_001.fastq.gz,AB/AB098_POW13003A98_S155_L003_R2_001.fastq.gz,AB/AB098_POW13003A98_S155_L004_R1_001.fastq.gz,AB/AB098_POW13003A98_S155_L004_R2_001.fastq.gz,,
SRR32638332,SRP569403,new,PRJNA1234298,SAMN47294559,AB099,POW13003A99,Metagenomic analysis of termite mounds,WGS,METAGENOMIC,RANDOM,paired,ILLUMINA,Illumina NovaSeq X Plus,DNA was extracted from termite mound substrate using a Qiagen PowerSoil kit. Sequencing was performed at the Ramaciotti Centre for Genomics (UNSW) on four lanes of a NovaSeq X Plus 10B 2x150bp.,fastq,AB/AB099_POW13003A99_S25_L001_R1_001.fastq.gz,AB/AB099_POW13003A99_S25_L001_R2_001.fastq.gz,AB/AB099_POW13003A99_S25_L002_R1_001.fastq.gz,AB/AB099_POW13003A99_S25_L002_R2_001.fastq.gz,AB/AB099_POW13003A99_S25_L003_R1_001.fastq.gz,AB/AB099_POW13003A99_S25_L003_R2_001.fastq.gz,AB/AB099_POW13003A99_S25_L004_R1_001.fastq.gz,AB/AB099_POW13003A99_S25_L004_R2_001.fastq.gz,,
SRR32638331,SRP569403,new,PRJNA1234298,SAMN47294560,AB100,POW13003A100,Metagenomic analysis of termite mounds,WGS,METAGENOMIC,RANDOM,paired,ILLUMINA,Illumina NovaSeq X Plus,DNA was extracted from termite mound substrate using a Qiagen PowerSoil kit. Sequencing was performed at the Ramaciotti Centre for Genomics (UNSW) on four lanes of a NovaSeq X Plus 10B 2x150bp.,fastq,AB/AB100_POW13003A100_S140_L001_R1_001.fastq.gz,AB/AB100_POW13003A100_S140_L001_R2_001.fastq.gz,AB/AB100_POW13003A100_S140_L002_R1_001.fastq.gz,AB/AB100_POW13003A100_S140_L002_R2_001.fastq.gz,AB/AB100_POW13003A100_S140_L003_R1_001.fastq.gz,AB/AB100_POW13003A100_S140_L003_R2_001.fastq.gz,AB/AB100_POW13003A100_S140_L004_R1_001.fastq.gz,AB/AB100_POW13003A100_S140_L004_R2_001.fastq.gz,,
SRR32638442,SRP569403,new,PRJNA1234298,SAMN47294561,AB101,POW13003A101,Metagenomic analysis of termite mounds,WGS,METAGENOMIC,RANDOM,paired,ILLUMINA,Illumina NovaSeq X Plus,DNA was extracted from termite mound substrate using a Qiagen PowerSoil kit. Sequencing was performed at the Ramaciotti Centre for Genomics (UNSW) on four lanes of a NovaSeq X Plus 10B 2x150bp.,fastq,AB/AB101_POW13003A101_S40_L001_R1_001.fastq.gz,AB/AB101_POW13003A101_S40_L001_R2_001.fastq.gz,AB/AB101_POW13003A101_S40_L002_R1_001.fastq.gz,AB/AB101_POW13003A101_S40_L002_R2_001.fastq.gz,AB/AB101_POW13003A101_S40_L003_R1_001.fastq.gz,AB/AB101_POW13003A101_S40_L003_R2_001.fastq.gz,AB/AB101_POW13003A101_S40_L004_R1_001.fastq.gz,AB/AB101_POW13003A101_S40_L004_R2_001.fastq.gz,,
SRR32638441,SRP569403,new,PRJNA1234298,SAMN47294562,AB102,POW13003A102,Metagenomic analysis of termite mounds,WGS,METAGENOMIC,RANDOM,paired,ILLUMINA,Illumina NovaSeq X Plus,DNA was extracted from termite mound substrate using a Qiagen PowerSoil kit. Sequencing was performed at the Ramaciotti Centre for Genomics (UNSW) on four lanes of a NovaSeq X Plus 10B 2x150bp.,fastq,AB/AB102_POW13003A102_S31_L001_R1_001.fastq.gz,AB/AB102_POW13003A102_S31_L001_R2_001.fastq.gz,AB/AB102_POW13003A102_S31_L002_R1_001.fastq.gz,AB/AB102_POW13003A102_S31_L002_R2_001.fastq.gz,AB/AB102_POW13003A102_S31_L003_R1_001.fastq.gz,AB/AB102_POW13003A102_S31_L003_R2_001.fastq.gz,AB/AB102_POW13003A102_S31_L004_R1_001.fastq.gz,AB/AB102_POW13003A102_S31_L004_R2_001.fastq.gz,,
SRR32638440,SRP569403,new,PRJNA1234298,SAMN47294563,AB103,POW13003A103,Metagenomic analysis of termite mounds,WGS,METAGENOMIC,RANDOM,paired,ILLUMINA,Illumina NovaSeq X Plus,DNA was extracted from termite mound substrate using a Qiagen PowerSoil kit. Sequencing was performed at the Ramaciotti Centre for Genomics (UNSW) on four lanes of a NovaSeq X Plus 10B 2x150bp.,fastq,AB/AB103_POW13003A103_S13_L001_R1_001.fastq.gz,AB/AB103_POW13003A103_S13_L001_R2_001.fastq.gz,AB/AB103_POW13003A103_S13_L002_R1_001.fastq.gz,AB/AB103_POW13003A103_S13_L002_R2_001.fastq.gz,AB/AB103_POW13003A103_S13_L003_R1_001.fastq.gz,AB/AB103_POW13003A103_S13_L003_R2_001.fastq.gz,AB/AB103_POW13003A103_S13_L004_R1_001.fastq.gz,AB/AB103_POW13003A103_S13_L004_R2_001.fastq.gz,,
SRR32638439,SRP569403,new,PRJNA1234298,SAMN47294564,AB104,POW13003A104,Metagenomic analysis of termite mounds,WGS,METAGENOMIC,RANDOM,paired,ILLUMINA,Illumina NovaSeq X Plus,DNA was extracted from termite mound substrate using a Qiagen PowerSoil kit. Sequencing was performed at the Ramaciotti Centre for Genomics (UNSW) on four lanes of a NovaSeq X Plus 10B 2x150bp.,fastq,AB/AB104_POW13003A104_S16_L001_R1_001.fastq.gz,AB/AB104_POW13003A104_S16_L001_R2_001.fastq.gz,AB/AB104_POW13003A104_S16_L002_R1_001.fastq.gz,AB/AB104_POW13003A104_S16_L002_R2_001.fastq.gz,AB/AB104_POW13003A104_S16_L003_R1_001.fastq.gz,AB/AB104_POW13003A104_S16_L003_R2_001.fastq.gz,AB/AB104_POW13003A104_S16_L004_R1_001.fastq.gz,AB/AB104_POW13003A104_S16_L004_R2_001.fastq.gz,,
SRR32638438,SRP569403,new,PRJNA1234298,SAMN47294565,AB105,POW13003A105,Metagenomic analysis of termite mounds,WGS,METAGENOMIC,RANDOM,paired,ILLUMINA,Illumina NovaSeq X Plus,DNA was extracted from termite mound substrate using a Qiagen PowerSoil kit. Sequencing was performed at the Ramaciotti Centre for Genomics (UNSW) on four lanes of a NovaSeq X Plus 10B 2x150bp.,fastq,AB/AB105_POW13003A105_S108_L001_R1_001.fastq.gz,AB/AB105_POW13003A105_S108_L001_R2_001.fastq.gz,AB/AB105_POW13003A105_S108_L002_R1_001.fastq.gz,AB/AB105_POW13003A105_S108_L002_R2_001.fastq.gz,AB/AB105_POW13003A105_S108_L003_R1_001.fastq.gz,AB/AB105_POW13003A105_S108_L003_R2_001.fastq.gz,AB/AB105_POW13003A105_S108_L004_R1_001.fastq.gz,AB/AB105_POW13003A105_S108_L004_R2_001.fastq.gz,,
SRR32638437,SRP569403,new,PRJNA1234298,SAMN47294566,AB106,POW13003A106,Metagenomic analysis of termite mounds,WGS,METAGENOMIC,RANDOM,paired,ILLUMINA,Illumina NovaSeq X Plus,DNA was extracted from termite mound substrate using a Qiagen PowerSoil kit. Sequencing was performed at the Ramaciotti Centre for Genomics (UNSW) on four lanes of a NovaSeq X Plus 10B 2x150bp.,fastq,AB/AB106_POW13003A106_S156_L001_R1_001.fastq.gz,AB/AB106_POW13003A106_S156_L001_R2_001.fastq.gz,AB/AB106_POW13003A106_S156_L002_R1_001.fastq.gz,AB/AB106_POW13003A106_S156_L002_R2_001.fastq.gz,AB/AB106_POW13003A106_S156_L003_R1_001.fastq.gz,AB/AB106_POW13003A106_S156_L003_R2_001.fastq.gz,AB/AB106_POW13003A106_S156_L004_R1_001.fastq.gz,AB/AB106_POW13003A106_S156_L004_R2_001.fastq.gz,,
SRR32638436,SRP569403,new,PRJNA1234298,SAMN47294567,AB107,POW13003A107,Metagenomic analysis of termite mounds,WGS,METAGENOMIC,RANDOM,paired,ILLUMINA,Illumina NovaSeq X Plus,DNA was extracted from termite mound substrate using a Qiagen PowerSoil kit. Sequencing was performed at the Ramaciotti Centre for Genomics (UNSW) on four lanes of a NovaSeq X Plus 10B 2x150bp.,fastq,AB/AB107_POW13003A107_S93_L001_R1_001.fastq.gz,AB/AB107_POW13003A107_S93_L001_R2_001.fastq.gz,AB/AB107_POW13003A107_S93_L002_R1_001.fastq.gz,AB/AB107_POW13003A107_S93_L002_R2_001.fastq.gz,AB/AB107_POW13003A107_S93_L003_R1_001.fastq.gz,AB/AB107_POW13003A107_S93_L003_R2_001.fastq.gz,AB/AB107_POW13003A107_S93_L004_R1_001.fastq.gz,AB/AB107_POW13003A107_S93_L004_R2_001.fastq.gz,,
SRR32638435,SRP569403,new,PRJNA1234298,SAMN47294568,AB108,POW13003A108,Metagenomic analysis of termite mounds,WGS,METAGENOMIC,RANDOM,paired,ILLUMINA,Illumina NovaSeq X Plus,DNA was extracted from termite mound substrate using a Qiagen PowerSoil kit. Sequencing was performed at the Ramaciotti Centre for Genomics (UNSW) on four lanes of a NovaSeq X Plus 10B 2x150bp.,fastq,AB/AB108_POW13003A108_S96_L001_R1_001.fastq.gz,AB/AB108_POW13003A108_S96_L001_R2_001.fastq.gz,AB/AB108_POW13003A108_S96_L002_R1_001.fastq.gz,AB/AB108_POW13003A108_S96_L002_R2_001.fastq.gz,AB/AB108_POW13003A108_S96_L003_R1_001.fastq.gz,AB/AB108_POW13003A108_S96_L003_R2_001.fastq.gz,AB/AB108_POW13003A108_S96_L004_R1_001.fastq.gz,AB/AB108_POW13003A108_S96_L004_R2_001.fastq.gz,,
SRR32638434,SRP569403,new,PRJNA1234298,SAMN47294569,AB109,POW13003A109,Metagenomic analysis of termite mounds,WGS,METAGENOMIC,RANDOM,paired,ILLUMINA,Illumina NovaSeq X Plus,DNA was extracted from termite mound substrate using a Qiagen PowerSoil kit. Sequencing was performed at the Ramaciotti Centre for Genomics (UNSW) on four lanes of a NovaSeq X Plus 10B 2x150bp.,fastq,AB/AB109_POW13003A109_S160_L001_R1_001.fastq.gz,AB/AB109_POW13003A109_S160_L001_R2_001.fastq.gz,AB/AB109_POW13003A109_S160_L002_R1_001.fastq.gz,AB/AB109_POW13003A109_S160_L002_R2_001.fastq.gz,AB/AB109_POW13003A109_S160_L003_R1_001.fastq.gz,AB/AB109_POW13003A109_S160_L003_R2_001.fastq.gz,AB/AB109_POW13003A109_S160_L004_R1_001.fastq.gz,AB/AB109_POW13003A109_S160_L004_R2_001.fastq.gz,,
SRR32638433,SRP569403,new,PRJNA1234298,SAMN47294570,AB110,POW13003A110,Metagenomic analysis of termite mounds,WGS,METAGENOMIC,RANDOM,paired,ILLUMINA,Illumina NovaSeq X Plus,DNA was extracted from termite mound substrate using a Qiagen PowerSoil kit. Sequencing was performed at the Ramaciotti Centre for Genomics (UNSW) on four lanes of a NovaSeq X Plus 10B 2x150bp.,fastq,AB/AB110_POW13003A110_S157_L001_R1_001.fastq.gz,AB/AB110_POW13003A110_S157_L001_R2_001.fastq.gz,AB/AB110_POW13003A110_S157_L002_R1_001.fastq.gz,AB/AB110_POW13003A110_S157_L002_R2_001.fastq.gz,AB/AB110_POW13003A110_S157_L003_R1_001.fastq.gz,AB/AB110_POW13003A110_S157_L003_R2_001.fastq.gz,AB/AB110_POW13003A110_S157_L004_R1_001.fastq.gz,AB/AB110_POW13003A110_S157_L004_R2_001.fastq.gz,,
SRR32638431,SRP569403,new,PRJNA1234298,SAMN47294571,AB111,POW13003A111,Metagenomic analysis of termite mounds,WGS,METAGENOMIC,RANDOM,paired,ILLUMINA,Illumina NovaSeq X Plus,DNA was extracted from termite mound substrate using a Qiagen PowerSoil kit. Sequencing was performed at the Ramaciotti Centre for Genomics (UNSW) on four lanes of a NovaSeq X Plus 10B 2x150bp.,fastq,AB/AB111_POW13003A111_S122_L001_R1_001.fastq.gz,AB/AB111_POW13003A111_S122_L001_R2_001.fastq.gz,AB/AB111_POW13003A111_S122_L002_R1_001.fastq.gz,AB/AB111_POW13003A111_S122_L002_R2_001.fastq.gz,AB/AB111_POW13003A111_S122_L003_R1_001.fastq.gz,AB/AB111_POW13003A111_S122_L003_R2_001.fastq.gz,AB/AB111_POW13003A111_S122_L004_R1_001.fastq.gz,AB/AB111_POW13003A111_S122_L004_R2_001.fastq.gz,,
SRR32638430,SRP569403,new,PRJNA1234298,SAMN47294572,AB112,POW13003A112,Metagenomic analysis of termite mounds,WGS,METAGENOMIC,RANDOM,paired,ILLUMINA,Illumina NovaSeq X Plus,DNA was extracted from termite mound substrate using a Qiagen PowerSoil kit. Sequencing was performed at the Ramaciotti Centre for Genomics (UNSW) on four lanes of a NovaSeq X Plus 10B 2x150bp.,fastq,AB/AB112_POW13003A112_S38_L001_R1_001.fastq.gz,AB/AB112_POW13003A112_S38_L001_R2_001.fastq.gz,AB/AB112_POW13003A112_S38_L002_R1_001.fastq.gz,AB/AB112_POW13003A112_S38_L002_R2_001.fastq.gz,AB/AB112_POW13003A112_S38_L003_R1_001.fastq.gz,AB/AB112_POW13003A112_S38_L003_R2_001.fastq.gz,AB/AB112_POW13003A112_S38_L004_R1_001.fastq.gz,AB/AB112_POW13003A112_S38_L004_R2_001.fastq.gz,,
SRR32638397,SRP569403,new,PRJNA1234298,SAMN47294573,AB113,POW13003A113,Metagenomic analysis of termite mounds,WGS,METAGENOMIC,RANDOM,paired,ILLUMINA,Illumina NovaSeq X Plus,DNA was extracted from termite mound substrate using a Qiagen PowerSoil kit. Sequencing was performed at the Ramaciotti Centre for Genomics (UNSW) on four lanes of a NovaSeq X Plus 10B 2x150bp.,fastq,AB/AB113_POW13003A113_S143_L001_R1_001.fastq.gz,AB/AB113_POW13003A113_S143_L001_R2_001.fastq.gz,AB/AB113_POW13003A113_S143_L002_R1_001.fastq.gz,AB/AB113_POW13003A113_S143_L002_R2_001.fastq.gz,AB/AB113_POW13003A113_S143_L003_R1_001.fastq.gz,AB/AB113_POW13003A113_S143_L003_R2_001.fastq.gz,AB/AB113_POW13003A113_S143_L004_R1_001.fastq.gz,AB/AB113_POW13003A113_S143_L004_R2_001.fastq.gz,,
SRR32638396,SRP569403,new,PRJNA1234298,SAMN47294574,AB114,POW13003A114,Metagenomic analysis of termite mounds,WGS,METAGENOMIC,RANDOM,paired,ILLUMINA,Illumina NovaSeq X Plus,DNA was extracted from termite mound substrate using a Qiagen PowerSoil kit. Sequencing was performed at the Ramaciotti Centre for Genomics (UNSW) on four lanes of a NovaSeq X Plus 10B 2x150bp.,fastq,AB/AB114_POW13003A114_S37_L001_R1_001.fastq.gz,AB/AB114_POW13003A114_S37_L001_R2_001.fastq.gz,AB/AB114_POW13003A114_S37_L002_R1_001.fastq.gz,AB/AB114_POW13003A114_S37_L002_R2_001.fastq.gz,AB/AB114_POW13003A114_S37_L003_R1_001.fastq.gz,AB/AB114_POW13003A114_S37_L003_R2_001.fastq.gz,AB/AB114_POW13003A114_S37_L004_R1_001.fastq.gz,AB/AB114_POW13003A114_S37_L004_R2_001.fastq.gz,,
SRR32638395,SRP569403,new,PRJNA1234298,SAMN47294575,AB115,POW13003A115,Metagenomic analysis of termite mounds,WGS,METAGENOMIC,RANDOM,paired,ILLUMINA,Illumina NovaSeq X Plus,DNA was extracted from termite mound substrate using a Qiagen PowerSoil kit. Sequencing was performed at the Ramaciotti Centre for Genomics (UNSW) on four lanes of a NovaSeq X Plus 10B 2x150bp.,fastq,AB/AB115_POW13003A115_S133_L001_R1_001.fastq.gz,AB/AB115_POW13003A115_S133_L001_R2_001.fastq.gz,AB/AB115_POW13003A115_S133_L002_R1_001.fastq.gz,AB/AB115_POW13003A115_S133_L002_R2_001.fastq.gz,AB/AB115_POW13003A115_S133_L003_R1_001.fastq.gz,AB/AB115_POW13003A115_S133_L003_R2_001.fastq.gz,AB/AB115_POW13003A115_S133_L004_R1_001.fastq.gz,AB/AB115_POW13003A115_S133_L004_R2_001.fastq.gz,,